Cost_of_the_Product,Prior_purchases,Discount_offered,Weight_in_gms,Warehouse_block_B,Warehouse_block_C,Warehouse_block_D,Warehouse_block_F,Mode_of_Shipment_Road,Mode_of_Shipment_Ship,Product_importance_low,Product_importance_medium,Actual_Demand,Predicted_Demand
216,3,26,2053,0,0,0,1,0,1,0,0,648,648.0
220,3,6,5572,0,0,0,0,1,0,1,0,660,660.0
215,4,3,4042,0,0,0,1,0,0,1,0,860,859.48
160,5,1,4672,0,0,1,0,0,0,1,0,800,799.95
229,2,44,2419,1,0,0,0,0,1,0,1,458,458.08
228,3,4,4208,0,0,0,0,0,1,0,1,684,684.0
182,3,11,3545,0,0,0,1,0,0,0,1,546,546.0
138,3,7,1597,0,0,1,0,0,1,0,1,414,414.0
264,3,2,5716,0,0,0,1,0,1,0,1,792,792.0
133,3,5,5950,0,0,0,1,1,0,0,1,399,399.0
216,4,1,4458,0,0,1,0,0,1,0,1,864,864.0
197,3,6,5826,0,0,0,1,0,1,1,0,591,591.0
239,5,8,1048,0,0,0,1,0,1,1,0,1195,1195.0
275,5,6,1156,1,0,0,0,0,1,1,0,1375,1375.0
169,10,15,1107,1,0,0,0,0,1,0,1,1690,1692.9
240,3,54,2919,0,0,0,1,0,1,0,1,720,720.0
274,3,50,3958,0,0,0,1,0,1,0,1,822,822.0
249,5,9,1752,1,0,0,0,0,1,0,1,1245,1245.05
244,6,10,1978,0,0,1,0,1,0,1,0,1464,1463.82
257,5,4,1668,0,0,1,0,0,0,0,1,1285,1285.0
218,2,1,2990,0,1,0,0,0,1,0,0,436,436.0
149,3,2,4499,0,0,0,1,0,0,1,0,447,447.0
131,6,8,5352,0,0,1,0,0,1,0,1,786,795.04
185,2,1,4729,0,1,0,0,1,0,0,1,370,370.0
252,3,6,5221,1,0,0,0,0,1,0,1,756,756.0
257,5,8,1981,0,1,0,0,1,0,0,1,1285,1285.0
209,2,3,4407,0,0,0,1,0,1,0,1,418,418.0
236,3,4,5724,0,0,0,1,0,1,0,0,708,708.0
279,4,5,1210,0,0,1,0,0,1,0,1,1116,1116.0
228,2,10,4854,0,0,0,1,1,0,0,1,456,456.0
229,4,7,4829,0,0,0,1,0,0,1,0,916,916.0
163,3,10,5002,1,0,0,0,0,1,1,0,489,489.0
249,5,10,1762,0,1,0,0,0,0,1,0,1245,1245.05
253,3,9,5502,0,0,0,0,0,1,0,1,759,759.0
141,2,7,1479,0,0,1,0,0,1,1,0,282,282.0
154,2,29,1016,0,1,0,0,0,1,1,0,308,308.0
265,3,8,5070,1,0,0,0,0,1,0,1,795,795.0
254,4,4,1392,0,1,0,0,0,1,1,0,1016,1016.0
170,2,2,4214,1,0,0,0,1,0,1,0,340,340.0
257,3,2,5486,0,0,0,1,1,0,0,1,771,771.0
254,5,10,1350,0,1,0,0,0,1,1,0,1270,1270.0
220,2,33,2897,0,1,0,0,0,0,0,1,440,440.0
154,2,1,5884,0,1,0,0,0,0,1,0,308,308.02
172,3,11,1522,0,0,1,0,0,1,0,1,516,516.0
171,3,11,1282,0,0,0,0,0,1,0,1,513,513.0
182,2,10,5638,0,0,0,1,0,1,0,1,364,364.0
200,3,4,3791,0,1,0,0,0,1,1,0,600,600.0
248,3,7,5588,0,0,0,0,0,1,0,1,744,744.0
286,4,3,1262,0,0,0,1,0,1,1,0,1144,1144.0
149,2,2,5881,1,0,0,0,0,1,0,1,298,298.0
186,4,11,3676,0,0,1,0,0,1,0,1,744,743.84
227,3,7,4041,1,0,0,0,0,1,0,1,681,681.0
266,3,2,5252,1,0,0,0,0,1,0,1,798,798.0
258,3,2,4188,0,0,1,0,1,0,0,1,774,774.0
132,2,6,4392,0,0,0,0,0,0,0,0,264,263.96
253,5,1,1235,0,0,0,0,0,1,1,0,1265,1265.0
154,2,3,5440,0,0,1,0,0,0,1,0,308,308.02
188,4,39,2424,0,0,1,0,0,1,0,1,752,752.08
285,5,4,5759,0,0,0,1,0,1,1,0,1425,1425.2
216,3,3,5149,0,1,0,0,0,0,1,0,648,648.0
153,2,1,4366,0,0,0,0,0,1,0,1,306,306.0
257,4,2,1694,0,0,1,0,0,1,1,0,1028,1028.0
244,5,1,1847,0,0,1,0,0,1,0,1,1220,1220.0
222,2,55,3833,1,0,0,0,0,1,0,1,444,444.0
234,3,4,3261,1,0,0,0,0,1,0,1,702,702.0
237,3,4,5561,0,1,0,0,1,0,1,0,711,711.0
183,4,49,2414,1,0,0,0,0,1,1,0,732,732.04
247,3,9,5383,0,0,0,1,0,1,0,1,741,741.0
192,3,4,5524,0,0,1,0,0,1,1,0,576,576.0
181,4,2,5332,0,0,1,0,0,1,1,0,724,724.0
209,2,5,4363,0,0,1,0,0,1,0,0,418,418.0
212,2,2,5125,0,0,0,1,0,1,1,0,424,424.0
145,3,5,6102,0,0,0,1,1,0,0,1,435,435.0
173,2,7,4684,0,1,0,0,0,1,1,0,346,346.0
167,2,8,4171,0,0,1,0,0,1,1,0,334,334.0
252,3,8,4557,0,0,1,0,0,0,0,1,756,756.0
260,3,8,4535,1,0,0,0,1,0,1,0,780,780.0
145,8,15,1429,0,0,0,1,0,1,1,0,1160,1154.48
145,2,48,1834,0,0,0,0,0,1,0,1,290,290.06
188,3,3,3837,1,0,0,0,0,1,0,1,564,564.0
192,3,4,4339,0,1,0,0,0,0,0,0,576,576.0
234,3,10,4204,1,0,0,0,0,0,0,1,702,702.0
157,4,2,4640,0,0,1,0,0,1,0,1,628,628.0
275,2,1,2597,0,0,0,1,0,1,0,0,550,550.32
186,10,64,2529,0,0,0,1,0,1,1,0,1860,1858.5
305,4,3,1872,0,0,0,1,0,1,1,0,1220,1220.0
180,3,2,5659,0,1,0,0,0,1,1,0,540,540.0
267,4,9,1261,1,0,0,0,0,1,0,1,1068,1068.0
213,3,7,5516,0,0,0,0,0,1,0,0,639,639.0
264,5,2,1541,0,0,0,1,0,1,1,0,1320,1320.1
137,4,9,4754,1,0,0,0,0,1,1,0,548,547.48
190,3,2,4312,0,0,1,0,0,1,0,1,570,570.0
141,5,9,5113,0,1,0,0,0,1,1,0,705,699.6
242,2,2,5825,0,0,0,1,1,0,1,0,484,484.0
267,5,3,1194,0,0,0,1,0,1,0,1,1335,1335.0
175,3,6,5150,0,0,0,1,0,0,0,0,525,525.0
118,5,15,1601,0,0,0,0,0,1,1,0,590,588.7
152,5,8,5711,0,0,0,1,0,0,0,1,760,754.0
163,3,59,1005,0,0,0,1,0,0,0,1,489,489.0
106,2,10,5173,0,0,0,1,0,1,1,0,212,212.7
232,7,6,5139,0,0,0,1,0,1,0,1,1624,1627.29
247,2,39,3189,0,0,0,1,1,0,0,1,494,494.0
227,3,5,3100,0,0,1,0,1,0,1,0,681,681.0
147,3,5,4012,1,0,0,0,0,1,0,1,441,441.0
252,3,10,5802,0,0,0,1,0,1,0,1,756,756.0
246,4,4,1504,0,1,0,0,1,0,0,1,984,984.0
145,3,8,4522,0,0,1,0,0,1,0,1,435,435.0
195,4,1,5004,0,0,0,1,0,1,0,1,780,780.0
164,2,2,1304,0,0,0,1,0,1,1,0,328,328.0
179,3,5,4129,0,0,0,1,0,0,0,0,537,537.0
98,3,5,4432,0,0,1,0,0,1,1,0,294,294.24
263,5,2,1417,0,1,0,0,0,1,0,1,1315,1315.05
187,2,5,5691,0,0,1,0,0,1,1,0,374,374.0
157,2,12,1694,1,0,0,0,1,0,0,1,314,314.0
166,3,9,5275,1,0,0,0,0,1,0,1,498,498.0
251,2,5,3443,0,0,0,1,0,1,1,0,502,502.0
195,3,2,4682,0,0,0,0,0,1,0,1,585,585.0
204,3,48,2792,1,0,0,0,1,0,0,1,612,612.0
222,4,63,3506,0,0,0,0,0,1,1,0,888,887.52
204,2,5,4504,0,1,0,0,0,1,0,1,408,408.0
247,4,3,1946,0,0,0,1,0,1,0,1,988,988.0
269,2,38,2195,0,0,0,1,1,0,0,1,538,538.0
219,4,8,5660,1,0,0,0,1,0,1,0,876,876.12
157,2,7,4690,1,0,0,0,0,1,0,1,314,314.0
206,4,3,3755,0,0,0,0,0,1,1,0,824,824.0
219,5,8,1419,0,1,0,0,0,1,1,0,1095,1095.0
272,4,23,2048,0,0,1,0,0,1,1,0,1088,1088.0
197,3,3,4491,0,0,0,1,0,1,0,1,591,591.0
188,2,4,4433,1,0,0,0,1,0,1,0,376,376.0
269,2,43,2300,0,0,0,0,0,1,0,0,538,538.0
200,2,27,2551,0,0,1,0,0,1,0,1,400,400.0
226,3,1,5433,1,0,0,0,0,1,0,1,678,678.0
196,2,3,5505,1,0,0,0,0,1,0,1,392,392.0
227,5,7,1620,0,1,0,0,1,0,1,0,1135,1134.95
122,4,9,5299,0,1,0,0,1,0,1,0,488,492.64
159,2,1,5671,0,0,0,1,0,0,1,0,318,318.0
243,3,2,5734,0,0,0,1,0,1,0,0,729,729.0
228,2,27,3473,1,0,0,0,0,1,0,1,456,456.0
199,4,7,5740,1,0,0,0,0,1,1,0,796,795.88
196,4,3,5496,0,0,0,1,0,1,1,0,784,783.76
230,2,27,3840,0,0,0,0,0,1,1,0,460,459.92
174,3,9,4380,0,0,0,1,0,1,1,0,522,522.0
279,8,5,4785,0,0,0,1,0,1,1,0,2232,2199.68
253,5,5,1812,0,0,0,1,0,1,1,0,1265,1265.0
235,3,4,5325,0,0,1,0,0,1,1,0,705,705.0
112,4,9,4005,0,0,1,0,0,1,0,1,448,446.2
223,6,29,2980,0,0,0,1,0,1,0,1,1338,1338.96
190,10,38,2018,0,0,0,1,0,1,0,1,1900,1900.5
199,2,7,5531,0,0,0,1,1,0,0,1,398,398.0
147,2,3,5136,1,0,0,0,0,1,0,1,294,294.0
289,5,1,1178,0,0,1,0,0,1,1,0,1445,1444.65
210,3,8,4011,0,0,0,1,0,1,0,1,630,630.0
226,5,5,4833,0,0,0,1,0,1,1,0,1130,1130.0
148,3,37,1523,0,0,0,0,0,1,1,0,444,444.0
240,7,3,4385,1,0,0,0,0,1,0,1,1680,1680.56
137,3,1,5490,0,0,0,1,0,1,0,1,411,411.0
100,3,4,4191,0,0,0,0,0,1,0,1,300,299.04
261,3,25,3494,0,1,0,0,0,1,1,0,783,783.0
138,3,23,1785,0,0,0,0,0,1,0,1,414,414.0
250,3,11,3373,0,0,0,0,0,0,1,0,750,750.0
190,3,32,2774,0,0,1,0,1,0,1,0,570,570.0
151,2,47,1682,0,1,0,0,0,1,1,0,302,302.0
154,2,44,1994,0,0,0,0,1,0,1,0,308,308.02
261,3,9,5994,0,1,0,0,0,1,1,0,783,783.0
255,2,42,3459,0,0,0,0,0,1,0,1,510,510.0
270,2,39,3690,0,0,0,1,0,1,1,0,540,540.0
247,3,1,5214,0,0,0,0,1,0,0,0,741,741.0
256,6,3,1441,0,1,0,0,1,0,0,1,1536,1533.72
291,4,4,1248,1,0,0,0,0,1,0,0,1164,1164.0
243,3,2,5827,0,0,0,1,0,1,0,1,729,729.0
265,3,3,5837,1,0,0,0,1,0,0,0,795,795.0
143,4,5,5545,1,0,0,0,0,0,0,1,572,571.92
247,3,8,4977,1,0,0,0,0,1,0,1,741,741.0
203,2,37,3531,1,0,0,0,1,0,1,0,406,406.0
261,4,4,4307,0,0,0,1,0,1,0,1,1044,1044.0
197,5,4,4196,0,0,1,0,1,0,1,0,985,985.0
191,3,12,3676,0,1,0,0,0,1,0,1,573,573.0
261,4,10,1290,0,0,0,1,0,0,0,1,1044,1044.0
227,4,6,4104,0,1,0,0,0,1,0,1,908,907.36
225,4,3,5274,0,0,0,1,0,0,0,0,900,900.08
274,2,5,5161,0,1,0,0,0,0,0,1,548,548.06
193,3,3,5919,0,1,0,0,0,1,1,0,579,579.0
229,2,9,5026,0,0,0,1,0,1,1,0,458,458.02
195,5,4,4034,0,0,0,0,1,0,1,0,975,974.1
183,4,12,2777,0,1,0,0,0,1,0,1,732,732.12
248,3,3,5709,0,0,0,0,1,0,1,0,744,744.0
265,2,64,2493,0,1,0,0,0,1,0,0,530,530.0
144,3,8,5867,0,0,1,0,1,0,0,1,432,432.0
221,2,59,3444,0,0,0,0,0,1,1,0,442,442.0
149,3,44,1811,0,0,0,1,0,1,0,1,447,447.0
245,5,1,1924,0,0,0,0,0,1,1,0,1225,1225.0
223,10,21,2943,0,0,1,0,1,0,1,0,2230,2230.7
221,3,6,5895,0,1,0,0,0,0,1,0,663,663.0
258,2,6,5062,0,0,1,0,0,1,0,1,516,516.0
249,2,9,5987,0,0,0,1,0,1,0,1,498,498.0
274,3,7,5036,0,1,0,0,0,1,1,0,822,822.0
160,5,3,1645,0,1,0,0,0,1,1,0,800,799.85
274,2,1,4762,0,1,0,0,0,1,1,0,548,548.12
268,4,1,1248,0,0,1,0,0,1,0,1,1072,1072.0
228,4,4,4750,0,0,0,1,0,0,1,0,912,912.0
189,2,7,4765,0,0,0,1,0,1,1,0,378,378.0
257,3,4,4883,1,0,0,0,1,0,1,0,771,771.0
192,3,43,3339,0,0,1,0,0,0,0,1,576,576.0
204,4,7,4768,0,1,0,0,0,1,0,1,816,816.0
136,2,19,1387,0,0,0,0,0,1,0,1,272,271.98
223,2,30,3622,1,0,0,0,0,0,0,1,446,446.0
235,3,57,2034,0,0,0,1,0,1,1,0,705,705.0
171,3,62,1304,0,0,1,0,0,0,0,1,513,513.0
254,2,2,3239,0,0,1,0,0,1,0,1,508,508.0
201,5,3,5901,0,0,0,1,0,1,0,1,1005,1007.8
139,2,2,5839,0,0,0,0,1,0,1,0,278,277.96
201,2,8,4394,0,0,0,1,0,1,1,0,402,402.0
153,2,1,4027,0,0,0,0,0,1,1,0,306,306.0
201,4,10,5565,0,0,1,0,0,1,0,1,804,804.04
205,3,3,4563,1,0,0,0,0,1,0,0,615,615.0
261,5,3,1644,1,0,0,0,0,1,0,1,1305,1305.0
258,3,4,3686,0,0,0,1,0,1,0,1,774,774.0
260,4,3,4423,0,1,0,0,0,1,0,0,1040,1040.0
208,3,4,4530,0,0,0,1,0,1,1,0,624,624.0
179,8,3,4584,0,1,0,0,0,1,0,0,1432,1423.28
254,4,2,1824,0,0,0,1,0,1,1,0,1016,1016.0
225,3,8,3813,1,0,0,0,0,1,0,1,675,675.0
203,4,6,4557,0,1,0,0,1,0,1,0,812,812.12
173,2,4,5521,0,0,0,1,0,1,0,1,346,346.0
253,3,4,4269,1,0,0,0,0,1,0,1,759,759.0
149,2,58,1657,1,0,0,0,0,1,1,0,298,298.0
226,2,8,5793,0,0,0,1,1,0,0,0,452,452.0
173,2,5,4402,0,0,0,1,0,1,1,0,346,346.0
129,3,48,1219,0,1,0,0,0,1,1,0,387,387.45
235,5,4,1259,0,0,1,0,0,1,1,0,1175,1175.0
134,3,6,5680,1,0,0,0,0,1,0,0,402,402.0
246,3,2,5473,0,0,0,1,0,1,1,0,738,738.0
183,2,8,4422,0,0,1,0,0,1,0,1,366,366.0
304,4,3,1752,0,0,0,1,0,1,1,0,1216,1215.56
257,4,9,4537,0,0,0,1,0,1,1,0,1028,1028.0
194,3,3,5174,0,0,1,0,0,0,1,0,582,582.0
202,3,8,4575,0,0,1,0,1,0,1,0,606,606.0
231,4,48,3370,1,0,0,0,0,1,0,1,924,924.72
183,3,44,3809,0,0,0,0,0,1,0,1,549,549.0
227,4,53,2624,0,0,0,1,0,1,1,0,908,908.0
261,5,10,1713,1,0,0,0,0,0,1,0,1305,1305.0
138,2,46,1436,1,0,0,0,0,1,0,1,276,276.02
303,4,10,1003,0,0,0,1,0,1,0,1,1212,1211.88
224,3,6,5054,1,0,0,0,0,1,0,1,672,672.0
231,3,4,4088,0,0,0,1,0,0,0,1,693,693.0
264,3,56,3482,0,0,0,0,0,1,0,1,792,792.0
162,3,7,5313,0,0,0,1,0,1,0,1,486,486.0
232,3,2,4545,0,0,0,1,0,1,1,0,696,696.0
224,2,1,5603,0,0,0,1,0,1,0,1,448,448.0
190,4,5,5570,0,1,0,0,0,0,0,1,760,760.04
264,2,9,4490,0,0,0,1,0,1,1,0,528,528.0
218,3,19,3770,0,0,0,1,0,1,1,0,654,653.97
213,3,8,5214,0,0,0,0,0,1,0,1,639,639.0
241,4,6,4412,0,1,0,0,0,1,0,0,964,964.16
227,3,9,4892,0,0,1,0,0,1,0,0,681,681.0
123,2,11,1383,0,0,1,0,0,1,0,1,246,246.42
146,4,4,5817,0,0,0,1,0,1,1,0,584,584.08
268,6,3,4834,1,0,0,0,1,0,0,1,1608,1606.8
196,3,24,2957,0,0,1,0,0,0,0,1,588,588.0
171,3,6,4343,0,0,0,1,0,1,1,0,513,513.0
278,4,6,1140,0,0,1,0,1,0,0,1,1112,1111.96
233,2,5,4668,0,0,0,1,0,1,1,0,466,466.0
164,4,4,5736,1,0,0,0,0,1,1,0,656,656.08
184,3,19,2625,0,0,0,1,0,0,1,0,552,552.0
253,4,10,1166,0,0,0,1,0,1,1,0,1012,1012.0
177,4,4,1560,0,0,0,0,0,1,0,1,708,708.0
235,5,8,1332,0,0,0,0,0,1,1,0,1175,1175.0
269,10,2,5616,0,0,0,0,0,1,0,0,2690,2687.7
188,2,9,4610,1,0,0,0,0,1,0,1,376,376.0
162,3,3,1693,0,0,1,0,0,1,1,0,486,486.0
199,3,7,5342,0,0,0,0,0,1,1,0,597,597.0
223,5,6,1579,0,0,0,0,0,1,0,1,1115,1115.0
215,2,9,4940,1,0,0,0,0,1,0,1,430,430.0
257,5,7,1565,1,0,0,0,0,0,0,1,1285,1285.0
135,3,5,4484,0,0,0,1,0,1,0,1,405,405.0
250,4,1,1690,0,0,0,0,0,1,1,0,1000,1000.0
187,2,7,4859,0,0,0,0,0,1,1,0,374,374.0
251,2,2,4800,0,0,0,0,1,0,1,0,502,502.0
132,4,5,5235,0,1,0,0,1,0,0,1,528,527.6
263,3,8,5447,0,1,0,0,0,1,0,1,789,789.0
152,3,58,1453,0,0,0,0,1,0,1,0,456,456.0
274,3,5,4710,0,0,1,0,0,1,0,1,822,822.0
160,2,3,4665,1,0,0,0,1,0,0,1,320,320.0
103,5,10,5413,0,0,0,1,0,1,1,0,515,509.3
285,4,6,1591,0,0,0,0,0,1,1,0,1140,1140.0
192,3,19,3183,1,0,0,0,0,1,1,0,576,576.0
219,6,2,1837,0,0,0,1,1,0,1,0,1314,1313.52
188,3,8,4125,0,0,0,0,0,1,0,1,564,564.0
225,2,10,4577,0,1,0,0,0,1,0,1,450,450.0
218,4,6,4377,0,1,0,0,0,1,1,0,872,872.16
274,2,2,4352,0,0,0,1,0,1,0,0,548,548.1
246,3,49,3236,0,0,1,0,0,1,0,1,738,738.0
218,5,7,1692,0,0,0,0,0,1,0,1,1090,1089.95
228,2,49,3024,0,0,0,0,0,1,1,0,456,456.0
257,6,1,1150,0,0,0,1,0,1,1,0,1542,1541.94
295,4,10,1587,0,0,0,1,0,1,1,0,1180,1180.0
233,2,10,5865,0,0,0,0,0,1,0,1,466,466.0
139,2,2,4520,0,0,0,0,0,1,0,1,278,278.0
255,4,10,4107,0,0,0,0,0,0,1,0,1020,1020.0
238,5,5,5854,0,0,1,0,0,1,1,0,1190,1190.05
198,4,9,5382,0,0,0,1,1,0,0,1,792,792.2
215,5,7,4057,0,0,0,1,1,0,1,0,1075,1072.45
221,6,3,1960,1,0,0,0,0,1,0,1,1326,1325.7
228,3,9,4678,0,0,0,0,1,0,1,0,684,684.0
139,6,10,1081,0,0,0,0,0,1,0,1,834,831.48
201,3,3,4556,0,0,0,0,0,1,1,0,603,603.0
137,3,6,5357,0,0,0,1,0,1,1,0,411,411.0
265,3,6,4423,0,1,0,0,0,1,1,0,795,795.0
246,5,10,1646,0,0,1,0,0,0,0,1,1230,1230.05
231,5,10,1144,0,0,0,0,1,0,0,1,1155,1154.75
251,5,7,1070,0,0,0,0,1,0,0,1,1255,1255.0
193,2,37,3510,0,0,0,1,0,1,0,0,386,386.0
157,3,10,5898,0,1,0,0,0,0,0,1,471,471.0
242,5,1,1004,0,0,0,0,0,1,0,1,1210,1209.95
151,6,12,1920,0,0,0,1,0,1,0,1,906,902.94
147,2,52,1570,0,1,0,0,1,0,0,0,294,293.96
153,3,5,5743,1,0,0,0,0,0,1,0,459,459.0
133,4,5,5989,0,0,0,1,1,0,1,0,532,531.84
225,4,5,4184,0,0,0,1,0,0,1,0,900,900.08
252,5,10,1015,0,1,0,0,0,1,1,0,1260,1260.0
183,2,3,4042,0,0,0,0,0,1,0,1,366,366.0
148,4,56,1511,0,1,0,0,0,0,1,0,592,591.8
240,5,8,4314,0,1,0,0,0,1,0,1,1200,1200.0
154,6,10,4361,0,0,0,0,0,0,0,1,924,917.46
139,3,29,1365,0,0,0,0,0,1,1,0,417,417.0
269,4,9,1826,0,0,0,1,0,0,1,0,1076,1076.0
155,3,10,4485,0,0,0,0,1,0,1,0,465,465.0
199,2,46,3371,0,0,0,0,0,1,1,0,398,398.0
234,2,4,5066,1,0,0,0,0,1,0,1,468,468.0
207,3,10,5394,0,1,0,0,0,1,0,1,621,621.0
157,3,31,1712,0,0,0,1,0,0,0,1,471,471.0
272,2,10,4962,0,0,0,0,0,1,1,0,544,544.0
145,3,3,5424,0,0,0,1,1,0,0,1,435,435.0
236,3,1,5851,0,0,1,0,0,1,0,1,708,708.0
165,3,6,5642,0,0,0,1,0,1,1,0,495,495.0
258,3,8,4921,0,1,0,0,0,1,0,1,774,774.0
137,2,6,5208,1,0,0,0,0,1,0,0,274,274.0
158,3,1,5438,0,0,0,1,0,1,0,1,474,474.0
142,2,7,5341,0,0,0,1,0,0,0,0,284,284.0
191,4,8,4566,0,0,0,0,0,1,1,0,764,763.96
206,2,59,3278,0,0,0,1,0,1,0,1,412,412.0
140,3,2,4691,1,0,0,0,0,1,1,0,420,420.0
246,3,2,5653,0,0,1,0,0,1,0,1,738,738.0
154,4,8,4820,0,0,0,1,0,1,1,0,616,616.08
275,6,1,1507,0,0,1,0,0,1,1,0,1650,1650.54
185,3,3,3131,0,0,1,0,0,1,0,1,555,555.0
273,4,3,5079,0,0,1,0,0,1,1,0,1092,1092.0
274,2,2,5029,1,0,0,0,0,1,0,0,548,548.12
135,3,2,5849,0,1,0,0,0,1,0,1,405,405.0
158,3,3,4527,0,0,0,1,0,1,1,0,474,474.0
144,3,48,1867,0,0,1,0,0,1,0,1,432,432.0
202,3,7,5678,0,0,1,0,0,0,1,0,606,606.0
251,6,3,1562,0,0,0,1,1,0,1,0,1506,1506.12
237,5,2,5364,0,0,0,1,0,1,0,0,1185,1185.0
192,3,8,5787,0,0,0,1,0,1,0,1,576,576.0
209,4,10,3370,0,0,0,0,0,1,1,0,836,835.6
214,3,36,2684,0,1,0,0,0,0,1,0,642,642.0
248,4,10,1005,0,1,0,0,0,1,1,0,992,992.04
226,6,6,1704,0,1,0,0,0,1,0,1,1356,1356.18
222,4,10,5720,0,0,0,0,0,1,0,1,888,887.72
158,3,32,1061,1,0,0,0,1,0,1,0,474,474.0
231,2,6,5862,0,0,0,0,0,1,0,1,462,462.0
201,3,2,5132,0,0,0,1,0,1,1,0,603,603.0
262,3,7,2424,0,1,0,0,1,0,1,0,786,786.0
243,4,6,1898,0,0,0,1,0,0,1,0,972,972.0
150,3,5,4950,0,0,1,0,1,0,1,0,450,450.0
266,3,2,5413,0,1,0,0,1,0,0,1,798,798.0
277,5,7,1260,0,0,0,1,0,1,1,0,1385,1385.2
212,3,10,4117,0,1,0,0,0,1,0,1,636,636.0
136,3,10,5308,0,1,0,0,0,1,1,0,408,408.0
260,2,55,2791,0,1,0,0,0,1,0,1,520,520.0
152,4,7,5943,0,0,1,0,0,0,0,1,608,607.96
216,2,33,3202,1,0,0,0,0,0,0,0,432,432.0
195,2,5,4660,0,0,1,0,0,1,1,0,390,390.0
285,4,4,1244,0,1,0,0,0,1,0,1,1140,1140.0
141,4,38,1599,0,0,1,0,0,1,0,1,564,563.68
247,4,9,1228,0,0,0,1,0,1,1,0,988,988.0
150,4,4,1021,1,0,0,0,0,1,1,0,600,600.0
202,2,4,3372,0,0,0,1,0,0,1,0,404,404.0
250,3,9,2752,1,0,0,0,0,1,0,1,750,750.0
304,4,7,1226,0,1,0,0,0,1,1,0,1216,1215.48
254,4,6,1928,0,0,1,0,0,1,0,1,1016,1016.0
138,3,4,4225,0,0,1,0,0,1,0,1,414,414.0
138,2,28,1528,1,0,0,0,0,1,1,0,276,276.02
244,8,50,3562,1,0,0,0,0,1,1,0,1952,1951.52
200,3,7,5400,0,0,0,1,1,0,1,0,600,600.0
170,4,4,5113,0,0,0,1,0,0,0,1,680,680.12
292,4,4,1762,1,0,0,0,0,1,1,0,1168,1168.0
125,3,9,5489,0,0,0,1,0,1,0,1,375,375.06
147,4,18,1613,0,1,0,0,0,1,1,0,588,588.0
264,3,10,3409,0,0,0,1,0,1,0,1,792,792.0
177,2,6,1112,1,0,0,0,0,1,1,0,354,354.0
174,3,10,4998,0,0,1,0,0,0,1,0,522,522.0
276,4,9,1519,0,0,1,0,0,1,1,0,1104,1104.0
272,2,51,2719,0,0,1,0,0,1,1,0,544,544.0
220,2,40,3773,1,0,0,0,1,0,0,0,440,440.0
187,4,14,3849,0,1,0,0,0,1,0,0,748,748.0
181,4,32,3893,0,0,0,0,0,1,0,1,724,723.96
210,3,9,5912,0,0,1,0,0,1,0,1,630,630.0
189,2,6,1269,0,1,0,0,0,1,1,0,378,378.0
147,8,7,5822,0,0,0,1,0,1,0,1,1176,1182.08
204,3,4,5476,0,0,0,0,1,0,0,1,612,612.0
253,5,31,3836,0,1,0,0,0,0,1,0,1265,1265.0
110,3,7,1235,1,0,0,0,0,1,1,0,330,329.19
264,3,6,4025,0,0,0,1,0,0,0,1,792,792.0
132,3,3,4263,0,0,0,1,0,0,1,0,396,396.0
224,3,60,3145,0,0,0,0,0,1,0,0,672,672.0
159,3,1,4314,0,0,0,1,0,1,0,1,477,477.0
137,3,9,5016,1,0,0,0,0,1,0,1,411,411.0
262,5,2,1304,0,1,0,0,0,1,1,0,1310,1310.0
232,4,3,5447,0,0,0,0,1,0,1,0,928,924.88
240,3,7,4744,0,0,0,1,0,0,1,0,720,720.0
161,2,9,4623,0,1,0,0,0,1,0,1,322,322.0
228,2,2,5435,1,0,0,0,0,1,1,0,456,456.0
238,2,6,5325,0,0,1,0,0,1,1,0,476,476.0
263,4,6,1153,0,0,0,1,0,1,1,0,1052,1051.96
209,2,6,5095,0,0,0,1,0,0,0,1,418,418.0
144,2,5,4380,1,0,0,0,0,1,1,0,288,288.02
235,3,7,5061,0,0,0,1,0,1,1,0,705,705.0
186,2,7,5522,0,1,0,0,0,1,1,0,372,372.0
192,4,7,4741,1,0,0,0,0,1,0,1,768,768.04
145,3,7,4386,0,0,0,1,0,1,0,1,435,435.0
172,2,60,1840,0,0,1,0,0,1,0,1,344,344.0
102,6,3,1341,0,0,0,1,0,0,0,1,612,608.7
224,3,48,3672,0,0,1,0,1,0,1,0,672,672.0
173,2,14,1638,0,0,0,1,0,0,1,0,346,346.0
133,5,3,1544,0,0,0,1,1,0,1,0,665,665.1
154,3,50,1389,0,0,1,0,1,0,0,1,462,462.0
220,3,1,5508,0,1,0,0,1,0,0,1,660,660.0
270,3,63,2751,0,0,0,1,0,1,1,0,810,810.0
260,3,2,2176,0,1,0,0,0,1,0,1,780,780.0
155,2,5,5577,0,0,0,1,0,1,0,1,310,309.98
165,3,3,5409,0,0,0,0,0,1,1,0,495,495.0
273,4,7,4743,0,0,0,0,1,0,1,0,1092,1092.0
138,2,40,1117,0,0,0,1,0,1,0,1,276,276.02
168,2,6,5464,0,0,0,0,0,1,1,0,336,336.0
244,2,9,4142,1,0,0,0,0,1,0,0,488,488.0
176,3,51,1297,0,0,0,1,0,1,1,0,528,528.0
272,4,3,5566,0,0,1,0,0,1,1,0,1088,1088.0
192,2,5,2339,0,0,1,0,1,0,0,1,384,384.0
229,4,3,4352,0,0,1,0,0,1,1,0,916,915.92
223,3,7,5977,0,1,0,0,0,1,0,1,669,669.0
148,3,7,4714,0,1,0,0,0,1,1,0,444,444.0
243,2,26,2719,0,0,0,1,0,1,0,1,486,486.0
253,3,7,5085,0,0,0,1,1,0,0,1,759,759.0
239,2,59,2897,0,0,0,1,0,1,0,1,478,478.0
139,3,47,1323,0,1,0,0,0,1,0,1,417,417.0
256,3,15,3155,0,0,0,1,1,0,1,0,768,768.0
207,3,5,4643,1,0,0,0,1,0,1,0,621,621.0
169,6,2,5607,0,0,0,1,0,1,0,1,1014,1014.06
194,3,9,5804,1,0,0,0,0,1,0,1,582,582.0
176,3,12,1750,0,0,0,1,0,1,0,1,528,528.0
181,3,44,2070,1,0,0,0,0,1,1,0,543,543.0
172,3,7,4883,0,0,0,0,0,0,0,1,516,516.0
253,4,9,4682,0,1,0,0,0,1,1,0,1012,1012.0
243,5,8,1732,1,0,0,0,0,0,0,1,1215,1215.0
205,4,9,4819,0,0,0,1,0,1,1,0,820,819.92
230,3,7,4844,0,0,0,0,0,1,0,1,690,690.0
253,6,59,2627,0,0,1,0,0,1,0,1,1518,1519.02
237,4,8,5761,0,0,0,1,0,1,1,0,948,948.04
255,4,9,1367,0,0,1,0,0,1,1,0,1020,1020.0
263,3,4,4081,0,0,1,0,1,0,0,1,789,789.0
143,3,4,4512,1,0,0,0,0,1,1,0,429,429.0
247,6,4,1349,0,0,1,0,0,1,1,0,1482,1482.24
234,2,8,5744,0,1,0,0,0,1,0,1,468,468.0
176,2,2,5083,0,0,0,0,0,1,1,0,352,352.0
244,5,4,1121,0,0,0,1,0,1,0,1,1220,1220.0
259,5,9,1624,1,0,0,0,1,0,1,0,1295,1295.0
180,2,10,5666,0,0,0,0,0,0,0,1,360,360.0
226,3,22,3593,1,0,0,0,0,0,0,1,678,678.0
225,2,4,4732,1,0,0,0,0,0,0,0,450,450.0
268,3,3,5488,1,0,0,0,0,1,1,0,804,804.0
224,2,10,4653,0,1,0,0,0,1,1,0,448,448.0
158,3,27,1207,0,0,0,1,0,1,0,1,474,474.0
132,4,3,4512,0,0,0,1,0,1,0,1,528,527.48
304,5,6,1178,0,1,0,0,0,1,0,1,1520,1518.0
243,3,9,4277,0,0,0,1,1,0,0,0,729,729.0
160,3,10,4602,0,1,0,0,1,0,1,0,480,480.0
221,10,9,4646,0,1,0,0,0,1,0,0,2210,2211.5
170,2,34,1512,1,0,0,0,0,1,1,0,340,340.0
181,3,7,5675,0,0,0,1,0,1,0,0,543,543.0
160,2,32,1576,0,0,0,1,0,1,1,0,320,320.0
234,5,7,1524,0,0,0,1,0,0,0,1,1170,1170.0
269,5,45,2383,1,0,0,0,0,1,1,0,1345,1344.75
105,2,54,1707,0,0,0,1,0,1,0,1,210,207.5
208,2,1,4999,0,0,0,1,1,0,0,0,416,416.0
181,5,5,1043,0,1,0,0,0,1,0,1,905,905.0
273,5,7,1922,0,0,0,1,0,0,1,0,1365,1365.1
231,4,4,5510,0,1,0,0,0,1,0,1,924,922.84
183,2,1,4741,0,0,0,1,0,1,1,0,366,366.0
148,4,38,1322,0,1,0,0,0,1,0,1,592,591.84
223,3,19,3356,0,0,0,1,0,1,0,1,669,669.0
171,3,58,1516,0,0,0,1,0,1,1,0,513,513.0
279,4,4,1148,0,0,0,1,0,1,0,1,1116,1116.0
216,3,43,2643,0,0,0,0,0,1,1,0,648,648.0
137,2,17,1673,0,1,0,0,0,0,0,1,274,274.0
127,8,12,1519,0,0,1,0,0,1,1,0,1016,959.08
210,3,46,2344,0,1,0,0,0,0,1,0,630,630.0
241,3,39,3743,0,0,1,0,0,1,1,0,723,723.0
254,4,9,1626,1,0,0,0,0,1,1,0,1016,1016.0
239,4,5,4084,0,0,0,1,0,0,1,0,956,956.0
287,5,1,5263,0,0,0,1,0,1,0,0,1435,1433.5
156,3,20,1305,0,1,0,0,0,1,0,0,468,468.0
229,3,12,3049,0,0,0,1,0,1,0,1,687,687.0
233,6,4,1924,0,0,0,0,0,0,0,1,1398,1397.7
159,4,38,1277,0,0,1,0,0,1,1,0,636,635.28
141,3,39,1838,0,0,0,1,1,0,0,1,423,423.0
304,4,4,1236,0,0,0,0,0,1,1,0,1216,1215.48
176,3,63,1420,0,0,0,1,0,1,1,0,528,528.0
140,2,20,1832,0,0,0,0,0,1,0,1,280,280.0
218,3,22,3818,0,0,0,1,0,1,1,0,654,653.97
261,4,9,1918,0,0,0,0,0,1,0,1,1044,1044.0
267,2,2,5062,0,0,0,0,0,1,0,0,534,534.0
153,3,8,5487,0,0,1,0,0,1,1,0,459,459.0
180,6,3,5605,1,0,0,0,0,0,0,1,1080,1081.56
198,4,2,5316,0,1,0,0,0,1,0,1,792,792.12
271,6,3,5204,0,0,1,0,1,0,0,0,1626,1625.22
239,2,9,5363,0,0,0,0,0,0,1,0,478,478.0
176,3,34,1283,0,1,0,0,0,1,0,0,528,528.0
138,7,60,1366,0,0,1,0,0,0,0,1,966,955.5
208,4,52,2900,0,1,0,0,0,1,0,1,832,832.28
188,4,8,5884,0,0,1,0,0,1,0,1,752,752.0
163,3,58,1443,0,0,0,1,1,0,0,1,489,489.0
275,4,6,1872,1,0,0,0,1,0,1,0,1100,1100.0
113,3,52,1741,1,0,0,0,0,1,1,0,339,338.76
139,3,65,1277,0,0,0,0,0,1,1,0,417,417.0
145,3,2,4492,0,0,0,0,0,1,1,0,435,435.0
201,5,3,5771,0,1,0,0,0,1,0,1,1005,1007.85
175,2,40,1460,0,1,0,0,0,1,1,0,350,350.0
204,2,9,4462,0,0,0,1,0,1,0,1,408,408.0
206,3,23,3807,1,0,0,0,0,1,0,1,618,618.0
250,2,4,4016,0,0,0,1,1,0,0,1,500,500.0
152,2,6,1711,0,0,0,1,0,1,1,0,304,304.0
232,2,2,5104,0,0,0,1,0,1,0,1,464,464.0
160,3,3,5839,0,1,0,0,0,1,0,1,480,480.0
238,10,44,3860,0,0,0,1,1,0,0,1,2380,2379.5
261,3,3,4885,1,0,0,0,0,1,0,0,783,783.0
151,3,10,5414,0,0,0,1,0,1,1,0,453,453.0
209,2,10,5066,1,0,0,0,0,1,1,0,418,418.0
197,3,56,3427,0,0,1,0,0,1,0,1,591,591.0
234,6,7,1711,1,0,0,0,0,0,1,0,1404,1405.26
183,3,3,4071,1,0,0,0,0,1,0,1,549,549.0
237,3,5,4285,1,0,0,0,1,0,0,1,711,711.0
152,3,43,1009,0,0,0,0,0,0,1,0,456,456.0
236,6,4,1123,0,0,0,1,0,1,1,0,1416,1416.12
151,3,8,4025,1,0,0,0,0,1,0,1,453,453.0
261,4,7,5600,0,0,1,0,0,0,0,1,1044,1044.0
139,3,56,1811,0,0,0,1,0,1,1,0,417,417.0
211,3,7,4083,0,0,0,1,1,0,0,1,633,633.0
141,2,10,4651,0,0,0,1,0,1,0,1,282,282.0
171,3,5,4075,0,0,0,1,0,1,0,1,513,513.0
221,3,9,5295,0,0,0,1,1,0,0,1,663,663.0
214,6,9,4736,0,0,0,1,0,1,0,1,1284,1278.24
182,4,10,1690,0,0,0,1,1,0,1,0,728,728.04
172,2,1,5112,1,0,0,0,0,1,0,0,344,344.0
160,4,5,5841,1,0,0,0,0,1,0,1,640,639.96
258,2,8,4200,1,0,0,0,0,1,1,0,516,516.0
179,3,62,1945,0,0,0,0,1,0,1,0,537,537.0
265,6,2,1629,0,1,0,0,0,1,1,0,1590,1589.88
228,3,38,3631,1,0,0,0,0,0,0,1,684,684.0
113,3,60,1200,1,0,0,0,0,1,1,0,339,338.94
165,2,1,5745,1,0,0,0,0,1,0,1,330,330.0
253,5,6,1366,0,0,0,1,0,1,1,0,1265,1265.0
203,2,1,5244,0,0,0,0,0,1,1,0,406,406.0
233,4,3,5849,0,0,1,0,0,1,1,0,932,931.96
203,5,61,1856,0,0,0,1,1,0,0,1,1015,1014.6
223,6,2,1210,0,0,0,1,0,1,0,1,1338,1339.32
254,4,1,1347,0,0,0,0,0,1,0,1,1016,1016.0
228,6,5,4974,1,0,0,0,0,1,0,1,1368,1365.66
158,3,9,4078,0,0,0,1,1,0,0,1,474,474.0
239,2,10,5674,0,0,0,1,0,1,1,0,478,478.0
211,4,10,4004,1,0,0,0,0,1,0,1,844,843.96
190,4,12,2947,0,0,0,1,1,0,0,1,760,759.92
200,3,46,3642,0,0,1,0,0,1,1,0,600,600.0
275,6,2,1712,1,0,0,0,0,1,0,1,1650,1650.42
146,3,18,1289,0,1,0,0,0,1,0,1,438,438.0
149,3,9,5412,0,0,0,1,0,1,1,0,447,447.0
170,2,1,1446,0,1,0,0,0,1,1,0,340,340.0
139,3,6,5721,0,0,0,1,0,1,0,1,417,417.0
269,3,7,5211,0,1,0,0,0,1,1,0,807,807.0
214,2,7,4938,0,0,0,0,1,0,0,0,428,428.0
261,4,8,1891,0,1,0,0,0,1,0,1,1044,1044.0
120,3,7,4381,0,0,0,1,0,1,1,0,360,359.67
216,3,41,2042,0,1,0,0,0,1,1,0,648,648.0
229,5,3,1954,0,0,0,0,1,0,1,0,1145,1145.1
265,5,6,1929,0,1,0,0,1,0,0,1,1325,1325.05
253,4,2,5040,0,1,0,0,0,1,1,0,1012,1012.0
203,4,12,2779,0,0,1,0,0,1,0,1,812,812.08
168,3,6,5488,0,0,0,0,0,1,1,0,504,504.0
196,3,4,4569,0,0,1,0,0,1,0,0,588,588.0
260,5,3,1434,0,1,0,0,0,0,1,0,1300,1300.0
98,5,10,4368,0,0,0,1,0,1,0,1,490,500.2
201,8,4,5472,0,0,0,1,0,1,0,1,1608,1611.12
296,4,2,1304,0,0,0,0,0,1,0,1,1184,1184.08
203,5,2,4845,0,0,0,1,0,1,0,1,1015,1014.15
275,5,3,1145,0,0,0,1,0,1,1,0,1375,1375.05
241,6,8,3878,0,0,0,0,1,0,0,0,1446,1445.04
146,3,41,1204,0,0,0,1,0,0,1,0,438,438.0
263,4,10,1995,0,1,0,0,0,1,1,0,1052,1052.0
267,2,9,5230,0,0,0,1,0,0,0,1,534,534.0
219,2,2,1752,1,0,0,0,0,1,0,1,438,438.02
213,3,63,1548,0,0,0,1,0,1,1,0,639,639.0
266,2,1,5494,0,0,0,1,0,1,0,1,532,532.0
238,2,3,4930,1,0,0,0,0,1,0,1,476,476.0
245,4,26,2072,1,0,0,0,0,1,0,0,980,980.0
198,2,20,2266,0,0,0,0,0,1,0,1,396,396.0
216,2,26,2431,0,0,0,1,0,1,1,0,432,432.0
247,3,3,4698,0,0,0,0,0,1,0,1,741,741.0
137,3,10,4820,0,1,0,0,1,0,0,1,411,411.0
250,3,3,5055,0,1,0,0,0,1,0,1,750,750.0
123,4,6,4166,1,0,0,0,0,1,0,1,492,493.72
248,5,3,1093,1,0,0,0,0,0,1,0,1240,1240.0
195,3,55,2641,0,1,0,0,0,0,1,0,585,585.0
173,5,5,5049,1,0,0,0,0,0,1,0,865,865.7
200,2,8,4222,0,1,0,0,0,0,1,0,400,400.0
226,3,2,4831,1,0,0,0,0,1,0,0,678,678.0
190,3,2,4554,0,0,0,1,0,1,1,0,570,570.0
234,2,52,3543,1,0,0,0,0,1,0,1,468,468.0
188,3,9,3206,0,1,0,0,1,0,0,0,564,564.0
172,3,10,5434,0,0,1,0,0,1,0,1,516,516.0
170,3,3,4695,0,0,1,0,1,0,0,1,510,510.0
176,4,1,4270,0,0,1,0,0,1,1,0,704,703.88
227,2,10,4734,1,0,0,0,0,1,0,1,454,454.0
192,3,4,5479,0,0,0,1,0,1,0,1,576,576.0
286,4,5,1866,1,0,0,0,0,1,1,0,1144,1144.0
189,6,7,4329,0,1,0,0,0,1,1,0,1134,1132.14
202,2,5,4456,0,0,0,0,0,1,0,1,404,404.0
237,4,33,2605,0,0,0,1,0,1,1,0,948,948.0
135,3,8,1074,0,0,0,1,0,1,1,0,405,405.0
248,4,8,4540,0,1,0,0,1,0,0,1,992,992.0
203,4,34,3813,0,1,0,0,0,0,1,0,812,812.12
126,2,63,1141,0,0,1,0,0,1,1,0,252,251.46
155,3,3,5939,0,0,0,0,1,0,0,1,465,465.0
299,4,9,1817,1,0,0,0,0,1,1,0,1196,1195.88
168,4,5,5580,0,1,0,0,1,0,0,1,672,672.0
225,6,8,5714,0,0,0,1,0,1,1,0,1350,1350.6
146,2,5,4356,0,0,1,0,1,0,0,1,292,291.9
192,2,5,4046,0,0,0,0,1,0,1,0,384,384.0
215,3,5,5552,0,1,0,0,0,1,1,0,645,645.0
275,4,6,4687,0,1,0,0,0,1,0,1,1100,1100.0
164,2,7,5456,0,0,0,0,0,0,1,0,328,328.0
289,4,3,1116,1,0,0,0,1,0,0,0,1156,1155.84
228,3,5,4663,0,0,0,1,0,1,0,0,684,684.0
157,3,4,1889,1,0,0,0,0,0,0,1,471,471.0
189,3,6,3671,0,0,0,1,0,1,0,1,567,567.0
266,3,2,5298,1,0,0,0,0,1,0,0,798,798.0
272,5,8,1317,0,0,0,0,1,0,1,0,1360,1360.2
240,5,8,1750,1,0,0,0,0,1,1,0,1200,1200.0
206,3,5,5676,1,0,0,0,0,1,0,1,618,618.0
219,6,2,1634,0,0,0,1,1,0,0,1,1314,1313.88
251,3,21,2476,0,0,1,0,1,0,1,0,753,753.0
169,3,6,4081,0,0,0,0,0,1,1,0,507,507.0
154,3,4,4631,0,0,0,0,1,0,0,1,462,462.0
200,3,7,5807,0,1,0,0,0,1,1,0,600,600.0
196,2,10,5709,0,0,0,1,0,1,0,0,392,392.0
209,3,5,5831,1,0,0,0,0,1,0,1,627,627.0
204,2,35,2090,0,0,1,0,1,0,0,1,408,408.0
305,4,6,1787,0,0,0,1,0,1,1,0,1220,1220.0
256,2,1,5352,0,0,0,0,0,1,0,1,512,512.0
197,3,2,5707,0,1,0,0,1,0,1,0,591,591.0
184,3,10,4674,0,0,1,0,0,1,1,0,552,552.0
225,3,29,2411,0,0,1,0,1,0,0,1,675,675.0
196,3,38,2211,0,0,0,1,0,1,1,0,588,588.0
227,3,4,4450,1,0,0,0,0,0,1,0,681,681.0
271,4,24,3499,1,0,0,0,0,1,1,0,1084,1084.0
257,3,5,4355,0,0,0,1,1,0,0,1,771,771.0
142,3,7,4439,0,1,0,0,0,1,1,0,426,426.0
179,2,60,1808,1,0,0,0,0,1,1,0,358,358.0
238,3,8,5337,0,0,0,1,0,1,0,1,714,714.0
189,3,7,5830,0,0,0,1,0,1,0,1,567,567.0
116,3,6,4649,0,0,1,0,1,0,1,0,348,347.64
140,3,32,1819,1,0,0,0,1,0,1,0,420,420.0
162,4,4,5683,0,1,0,0,1,0,0,1,648,648.0
164,4,6,5761,0,0,0,1,0,0,0,1,656,656.08
272,4,10,1534,0,0,0,1,0,1,0,1,1088,1088.0
230,3,1,4727,0,1,0,0,0,1,1,0,690,690.0
132,4,58,1067,0,0,0,0,1,0,0,1,528,527.56
270,3,7,4690,0,0,0,1,0,1,0,0,810,810.0
218,5,9,1603,1,0,0,0,0,1,0,1,1090,1089.95
252,2,4,5559,0,0,0,1,0,1,1,0,504,504.0
287,5,9,5308,0,0,0,1,1,0,0,1,1435,1434.85
264,3,9,5555,0,0,0,1,0,0,0,1,792,792.0
236,3,28,3290,1,0,0,0,0,1,0,1,708,708.0
260,3,21,2003,0,0,0,0,0,1,1,0,780,780.0
231,2,46,2962,1,0,0,0,0,0,1,0,462,462.0
187,3,7,5417,0,0,1,0,0,1,1,0,561,561.0
227,5,9,1917,0,1,0,0,0,0,0,1,1135,1135.0
243,5,8,1922,0,0,1,0,0,1,0,1,1215,1215.0
292,4,8,1779,0,0,0,1,0,1,0,1,1168,1168.0
175,2,10,4927,0,0,1,0,0,1,0,1,350,350.0
144,3,61,1313,0,0,1,0,0,1,0,1,432,432.0
242,2,10,5559,0,0,0,1,0,1,1,0,484,484.0
268,4,9,1754,0,0,0,0,0,1,0,1,1072,1072.0
167,2,7,5800,0,0,0,0,0,1,1,0,334,334.0
203,3,3,2791,1,0,0,0,0,1,0,0,609,609.0
176,4,10,1177,1,0,0,0,0,0,0,1,704,703.88
228,5,6,1874,0,0,0,1,0,1,1,0,1140,1140.0
167,3,10,4341,1,0,0,0,0,1,0,1,501,501.0
259,4,5,1771,0,1,0,0,0,1,1,0,1036,1036.0
199,4,1,5585,0,0,0,0,0,1,0,1,796,795.92
107,5,4,5624,1,0,0,0,0,1,1,0,535,528.05
160,3,65,1228,0,1,0,0,0,1,0,1,480,480.0
172,3,58,1269,0,0,0,1,0,1,1,0,516,516.0
301,4,2,1083,0,0,0,1,0,1,1,0,1204,1203.96
252,2,1,1756,0,1,0,0,0,1,1,0,504,504.0
237,4,28,3903,0,0,0,1,0,1,1,0,948,948.04
191,2,6,2059,0,1,0,0,0,1,0,0,382,381.98
189,2,4,5898,0,0,0,1,0,1,0,0,378,378.0
160,2,10,5642,0,0,0,1,1,0,1,0,320,320.0
245,5,3,1537,0,0,0,1,0,1,1,0,1225,1225.0
151,3,39,1458,0,0,0,1,0,1,0,0,453,453.0
229,3,49,2339,0,1,0,0,0,1,1,0,687,687.0
185,4,6,4015,1,0,0,0,0,1,1,0,740,739.76
139,6,8,1691,0,0,0,1,1,0,0,1,834,831.78
267,5,7,1983,0,0,0,1,0,1,1,0,1335,1335.0
226,2,18,2582,0,0,1,0,0,1,1,0,452,452.0
190,10,32,2064,0,0,0,1,0,0,0,1,1900,1900.0
212,2,8,5513,0,0,0,1,0,1,1,0,424,424.0
198,2,8,4323,1,0,0,0,0,1,1,0,396,396.0
244,3,4,4458,0,0,0,1,0,1,0,1,732,732.0
236,3,13,2171,0,0,1,0,0,1,0,1,708,708.0
258,3,5,5393,0,0,0,0,0,1,1,0,774,774.0
192,3,19,2944,0,0,0,1,0,1,0,0,576,576.0
249,2,7,5876,0,0,0,0,0,1,0,1,498,498.0
244,2,7,5543,0,0,1,0,0,0,0,1,488,488.0
240,2,7,4409,0,1,0,0,0,1,1,0,480,480.0
151,3,16,1020,1,0,0,0,0,1,1,0,453,453.0
219,2,7,4604,0,1,0,0,0,1,0,1,438,438.0
187,6,9,5872,0,0,1,0,1,0,1,0,1122,1118.64
156,3,5,4151,0,0,0,1,0,1,1,0,468,468.0
201,6,7,4723,0,0,0,1,0,1,0,1,1206,1206.54
273,2,9,5724,0,1,0,0,1,0,1,0,546,546.0
269,3,8,4811,0,0,0,0,1,0,1,0,807,807.0
135,3,4,5734,0,0,0,1,0,1,1,0,405,405.0
269,4,7,5107,0,0,0,0,1,0,1,0,1076,1076.0
238,3,5,4724,0,0,0,1,1,0,0,1,714,714.0
117,3,23,1527,0,0,0,0,0,1,0,1,351,350.97
249,5,26,3897,0,0,0,1,0,1,0,1,1245,1245.05
262,2,3,4090,0,0,0,1,1,0,0,1,524,524.0
193,3,65,2267,0,0,0,1,0,0,0,1,579,579.0
191,2,11,3985,0,1,0,0,0,1,1,0,382,381.98
182,6,41,2047,0,0,0,1,1,0,1,0,1092,1097.94
253,4,7,1485,0,0,0,1,0,0,1,0,1012,1012.0
176,3,1,5168,0,1,0,0,0,1,1,0,528,528.0
261,3,3,5303,1,0,0,0,0,0,0,0,783,783.0
178,4,10,5382,0,0,1,0,0,1,0,1,712,712.08
276,5,5,1358,0,0,0,1,0,1,0,1,1380,1380.0
264,2,6,5702,0,0,0,1,0,1,1,0,528,528.0
127,8,39,1411,0,0,0,0,0,1,1,0,1016,957.43
257,6,2,1258,0,0,0,1,0,1,1,0,1542,1541.94
164,4,10,4560,0,0,0,1,0,1,0,1,656,656.2
266,3,2,5260,0,0,1,0,0,1,1,0,798,798.0
189,3,3,5062,0,0,0,1,0,1,0,1,567,567.0
263,5,10,1789,0,0,0,1,0,0,0,1,1315,1315.05
189,3,2,5464,0,0,0,1,0,1,0,0,567,567.0
215,6,42,3715,0,0,0,1,1,0,0,0,1290,1290.9
275,4,3,1182,0,0,1,0,0,1,1,0,1100,1100.0
203,3,3,4137,0,1,0,0,0,0,0,1,609,609.0
268,4,7,1943,0,0,1,0,0,0,1,0,1072,1072.0
133,2,18,1134,1,0,0,0,0,1,1,0,266,265.8
212,2,7,5219,1,0,0,0,0,1,1,0,424,424.0
197,2,1,4977,0,0,0,1,0,1,1,0,394,394.0
245,4,47,3111,0,1,0,0,0,1,0,0,980,980.0
193,3,55,2758,0,0,0,1,0,1,1,0,579,579.0
110,3,3,4252,1,0,0,0,1,0,0,1,330,330.39
111,4,7,4424,0,0,0,1,0,1,0,1,444,443.84
237,5,3,5299,1,0,0,0,1,0,0,1,1185,1185.0
154,2,1,5578,0,0,0,1,0,1,1,0,308,308.0
254,2,10,4230,1,0,0,0,0,0,1,0,508,508.0
152,3,8,4430,1,0,0,0,0,1,1,0,456,456.0
270,4,8,1631,0,0,0,1,0,1,0,1,1080,1079.96
252,2,9,4278,0,1,0,0,0,1,0,0,504,504.0
156,4,39,1204,0,0,0,0,1,0,0,1,624,623.88
162,2,4,4495,0,0,1,0,0,0,1,0,324,324.0
213,6,7,2709,0,0,0,1,0,1,1,0,1278,1273.86
144,3,50,1865,0,0,0,1,1,0,1,0,432,432.0
263,3,59,3978,0,0,1,0,0,0,0,1,789,789.0
203,5,20,3098,0,0,1,0,0,0,1,0,1015,1014.65
197,3,41,3280,0,0,0,1,1,0,0,1,591,591.0
264,3,3,4320,0,1,0,0,0,1,0,1,792,792.0
149,2,18,1225,0,0,1,0,0,1,0,1,298,298.0
110,3,55,1875,0,0,1,0,0,1,1,0,330,329.91
263,7,9,5991,0,1,0,0,1,0,0,0,1841,1837.92
154,3,56,1136,0,0,0,1,0,1,1,0,462,462.0
197,2,3,4379,1,0,0,0,0,1,1,0,394,394.0
244,2,17,3125,0,0,0,1,0,1,1,0,488,488.0
221,6,6,1488,0,1,0,0,0,1,0,1,1326,1325.22
281,3,36,2536,0,1,0,0,0,0,0,1,843,844.32
235,2,9,5116,0,0,0,1,1,0,0,1,470,470.02
183,3,2,3459,0,0,0,1,0,1,1,0,549,549.0
257,3,5,5084,0,0,0,0,0,1,0,1,771,771.0
171,3,7,4994,1,0,0,0,0,0,0,1,513,513.0
237,3,1,4369,0,0,0,1,0,1,0,1,711,711.0
212,2,7,5864,1,0,0,0,0,0,0,1,424,424.0
145,3,20,1387,0,0,0,1,1,0,1,0,435,435.0
173,2,1,4135,0,1,0,0,0,0,0,0,346,346.0
139,2,7,5536,1,0,0,0,1,0,0,1,278,277.96
202,3,59,2563,0,0,1,0,1,0,0,0,606,606.0
242,2,1,5682,1,0,0,0,0,1,1,0,484,484.0
253,2,5,5624,0,0,0,1,0,1,0,1,506,506.0
263,2,4,1092,0,0,0,0,0,1,0,1,526,526.0
171,3,28,1075,1,0,0,0,0,1,0,1,513,513.0
204,10,5,5375,0,0,0,1,0,1,0,1,2040,2034.7
222,3,8,4650,0,0,0,0,0,0,0,1,666,666.0
257,5,9,1080,0,1,0,0,0,1,0,1,1285,1285.0
267,4,7,5140,0,0,0,0,0,0,1,0,1068,1068.0
222,3,4,5857,0,1,0,0,1,0,0,1,666,666.0
151,3,6,5379,0,0,0,1,0,1,0,1,453,453.0
244,4,9,1789,0,1,0,0,0,1,1,0,976,976.0
185,4,35,3648,0,0,0,0,0,1,1,0,740,739.72
243,3,27,2052,0,0,0,1,0,1,0,1,729,729.0
242,4,2,5359,0,1,0,0,0,1,0,1,968,967.72
229,3,14,2164,0,0,0,1,0,0,1,0,687,687.0
266,5,8,1367,0,0,0,1,1,0,0,1,1330,1330.0
241,2,7,4413,0,0,0,1,0,1,0,1,482,481.98
177,7,2,4299,0,0,0,1,0,1,1,0,1239,1234.94
165,3,10,5598,0,0,0,1,0,0,0,1,495,495.0
210,2,35,2741,0,0,1,0,0,0,1,0,420,420.0
138,2,8,4837,0,1,0,0,0,0,0,1,276,276.02
296,4,10,1033,0,0,1,0,0,0,1,0,1184,1184.04
243,3,10,4524,0,0,0,1,0,1,0,1,729,729.0
132,2,2,4129,0,0,0,1,0,1,0,1,264,264.0
159,3,10,4358,0,1,0,0,0,1,1,0,477,477.0
168,4,23,1347,0,0,0,1,0,1,0,1,672,672.0
104,5,5,4643,1,0,0,0,0,1,1,0,520,520.45
267,5,6,1119,0,0,0,1,0,0,1,0,1335,1335.0
252,4,9,1460,0,0,1,0,0,1,1,0,1008,1008.0
106,5,46,1275,0,0,0,1,0,1,1,0,530,529.2
250,5,36,2717,0,0,1,0,0,1,1,0,1250,1250.05
243,4,9,1258,0,0,0,1,0,1,1,0,972,972.0
238,4,49,3179,1,0,0,0,0,0,0,1,952,952.0
201,2,10,4875,0,0,0,0,0,1,1,0,402,402.0
229,6,3,5689,0,0,0,1,0,1,0,1,1374,1374.48
211,3,8,3710,1,0,0,0,0,1,0,1,633,633.0
218,2,3,5692,1,0,0,0,1,0,0,1,436,436.0
273,5,2,1441,0,0,0,0,0,0,1,0,1365,1365.05
249,3,3,4129,0,0,1,0,0,1,1,0,747,747.0
232,2,1,5398,1,0,0,0,1,0,1,0,464,464.0
201,3,7,5967,0,0,0,0,0,1,0,1,603,603.0
176,6,5,4494,0,1,0,0,0,1,0,0,1056,1056.0
214,2,1,3709,0,0,1,0,0,1,0,1,428,428.0
244,3,55,2782,0,0,1,0,0,1,0,1,732,732.0
204,4,20,3135,0,0,0,0,0,1,1,0,816,816.04
263,4,4,4042,0,0,1,0,0,0,0,1,1052,1051.96
305,4,7,1099,0,0,0,1,0,0,1,0,1220,1220.0
198,4,5,5182,0,0,0,1,0,1,1,0,792,792.12
166,2,7,4375,0,0,0,0,0,0,1,0,332,332.0
136,4,62,1090,0,0,0,1,0,1,1,0,544,544.0
147,3,5,5174,0,0,0,1,0,1,1,0,441,441.0
177,3,5,5757,0,0,0,0,0,1,0,1,531,531.0
226,6,5,1078,1,0,0,0,1,0,1,0,1356,1357.56
257,3,1,5717,0,1,0,0,0,1,0,1,771,771.0
153,6,35,1082,0,0,1,0,0,1,0,1,918,913.2
266,4,5,1639,0,0,0,1,0,1,1,0,1064,1064.0
232,4,3,5828,0,0,1,0,0,1,0,1,928,924.92
274,3,54,2905,0,1,0,0,0,1,0,1,822,822.0
248,3,2,5028,0,0,0,1,0,1,1,0,744,744.0
158,3,4,4324,0,0,0,0,0,1,1,0,474,474.0
166,2,4,4254,0,0,1,0,0,1,0,1,332,332.0
190,3,9,5279,0,0,0,1,0,1,1,0,570,570.0
149,4,21,1636,0,0,1,0,0,1,0,1,596,595.96
191,3,1,4705,1,0,0,0,0,0,1,0,573,573.0
270,3,3,5266,0,0,1,0,0,1,1,0,810,810.0
218,2,7,4423,1,0,0,0,0,1,1,0,436,436.0
270,4,10,1211,0,0,1,0,0,1,0,1,1080,1080.0
244,4,6,1185,0,0,1,0,0,1,0,1,976,976.0
262,5,1,1483,0,0,0,0,1,0,0,1,1310,1310.0
167,2,1,5749,0,0,1,0,0,1,1,0,334,334.0
156,4,8,5868,0,0,0,1,0,1,0,1,624,624.0
232,5,9,5759,0,0,0,0,1,0,0,1,1160,1160.0
280,4,4,1831,0,0,0,1,0,1,1,0,1120,1120.0
168,2,2,5776,0,0,0,1,0,1,0,0,336,336.0
162,4,10,4235,0,1,0,0,0,1,0,1,648,647.92
179,2,8,5198,0,1,0,0,0,1,1,0,358,358.0
232,3,8,5298,0,0,0,1,0,1,0,1,696,696.0
251,3,10,3517,0,0,0,0,0,1,1,0,753,753.0
269,5,10,1113,0,0,0,0,0,1,0,1,1345,1344.65
193,2,48,2371,1,0,0,0,0,1,0,0,386,386.0
250,3,6,5832,0,0,0,1,0,1,0,1,750,750.0
259,5,5,1065,1,0,0,0,1,0,1,0,1295,1295.0
248,2,6,5863,0,0,0,1,0,1,1,0,496,496.0
204,2,1,4133,0,0,0,0,1,0,1,0,408,408.0
183,2,5,4261,0,0,1,0,0,0,1,0,366,366.0
267,2,9,5940,0,1,0,0,0,1,1,0,534,534.0
212,2,33,2021,0,0,0,0,0,1,1,0,424,424.0
252,5,10,1568,0,0,0,1,0,0,1,0,1260,1260.0
240,6,3,5967,0,0,1,0,1,0,1,0,1440,1440.3
200,2,5,5072,0,0,1,0,0,1,1,0,400,400.0
139,3,9,5920,0,0,0,1,0,1,1,0,417,417.0
242,3,3,2268,0,0,0,0,1,0,0,1,726,726.0
173,3,2,4892,0,0,1,0,0,0,0,1,519,519.0
254,3,7,4363,0,1,0,0,0,1,1,0,762,762.0
275,5,6,4450,1,0,0,0,0,1,1,0,1375,1375.0
145,2,8,4485,0,1,0,0,0,1,0,1,290,290.0
185,3,4,4111,0,0,1,0,0,1,0,1,555,555.0
211,7,9,5652,0,0,0,0,0,1,0,0,1477,1469.37
147,3,5,1920,0,0,0,1,1,0,1,0,441,441.0
279,4,3,1499,1,0,0,0,0,1,1,0,1116,1116.0
183,3,37,2042,0,0,0,0,0,1,1,0,549,549.0
269,2,1,4978,1,0,0,0,0,0,0,1,538,538.0
264,4,6,1265,0,0,0,1,0,0,0,1,1056,1056.0
238,5,1,4753,0,0,0,0,0,1,1,0,1190,1190.05
262,6,4,1644,0,0,0,1,0,1,0,1,1572,1572.0
140,3,7,5383,0,0,0,0,0,0,1,0,420,420.0
304,4,6,1890,0,0,0,1,1,0,1,0,1216,1215.48
174,6,26,1184,0,0,0,1,0,1,0,1,1044,1044.48
144,3,6,4163,0,0,1,0,0,1,0,1,432,432.0
261,3,7,4314,0,0,0,0,0,1,0,1,783,783.0
177,3,1,5282,0,0,1,0,0,1,1,0,531,531.0
265,3,65,3578,0,0,1,0,0,1,1,0,795,795.0
163,3,5,4440,0,0,0,1,0,1,1,0,489,489.0
153,2,7,4944,0,1,0,0,0,1,1,0,306,306.0
257,5,5,4130,0,1,0,0,0,0,1,0,1285,1285.0
236,3,1,4076,0,0,1,0,0,1,1,0,708,708.0
255,3,23,3764,0,0,1,0,0,1,0,1,765,765.0
248,2,10,5783,0,0,0,1,1,0,1,0,496,496.0
219,6,10,1116,0,0,1,0,0,1,1,0,1314,1313.88
150,10,2,5042,0,0,0,1,0,1,1,0,1500,1492.7
208,3,10,4919,0,0,0,1,0,0,1,0,624,624.0
209,5,53,3169,0,0,0,0,0,1,1,0,1045,1044.95
213,3,1,4266,0,0,1,0,0,1,1,0,639,639.0
254,2,6,4934,0,0,0,0,1,0,0,1,508,508.0
165,3,32,1798,0,0,0,1,1,0,0,1,495,495.0
271,2,6,4788,0,0,0,0,0,1,0,1,542,542.0
132,6,8,1327,0,0,1,0,0,1,1,0,792,799.99
296,4,7,1427,0,0,1,0,0,1,0,1,1184,1184.0
109,6,5,4374,0,0,0,1,0,0,1,0,654,656.44
216,3,2,4242,0,0,0,0,0,1,0,0,648,648.0
148,3,1,5700,1,0,0,0,0,1,1,0,444,444.0
246,3,5,5029,0,0,0,1,1,0,0,1,738,738.0
186,2,4,4352,0,0,0,1,0,1,0,1,372,372.0
151,3,3,5154,0,0,0,1,0,1,0,1,453,453.0
298,4,9,1515,0,1,0,0,0,1,1,0,1192,1191.96
250,6,7,1292,0,0,0,1,0,1,0,1,1500,1500.06
258,5,6,1059,0,1,0,0,1,0,0,0,1290,1290.0
172,3,3,4056,0,0,0,1,0,1,0,1,516,516.0
232,2,5,4255,1,0,0,0,0,1,1,0,464,464.0
241,5,4,1348,0,1,0,0,0,1,1,0,1205,1205.0
153,3,6,4056,0,0,0,0,0,1,0,1,459,459.0
287,4,9,1150,0,0,0,1,0,0,0,1,1148,1148.08
233,7,56,3925,1,0,0,0,0,1,0,1,1631,1634.29
182,4,1,3624,0,1,0,0,0,1,0,1,728,728.0
196,3,10,4546,0,0,0,1,0,1,1,0,588,588.0
228,2,63,3401,0,0,0,1,0,1,1,0,456,456.0
260,4,17,2666,0,0,0,1,0,1,0,0,1040,1040.0
234,2,27,3393,0,0,0,1,0,1,0,0,468,468.0
156,4,5,5987,0,0,0,0,0,1,1,0,624,624.0
217,6,6,1483,0,1,0,0,0,1,0,1,1302,1301.58
214,2,8,4767,0,1,0,0,0,0,1,0,428,428.0
243,3,36,2111,0,1,0,0,0,1,1,0,729,729.0
195,6,8,4944,0,0,1,0,0,0,0,0,1170,1168.38
288,4,4,1321,0,0,0,1,0,0,0,0,1152,1152.6
192,6,7,4014,0,0,0,0,1,0,0,1,1152,1148.28
157,2,62,1366,0,0,0,1,0,0,0,1,314,314.0
170,3,21,1588,0,0,0,1,0,1,1,0,510,510.0
269,5,8,5833,0,0,0,1,0,0,1,0,1345,1344.8
140,2,6,1435,0,0,0,1,0,1,1,0,280,280.0
259,4,13,2495,1,0,0,0,0,1,1,0,1036,1036.0
127,3,8,5976,0,0,1,0,1,0,1,0,381,381.06
158,2,10,4061,0,0,0,0,0,1,1,0,316,316.0
258,4,2,1051,0,0,1,0,0,0,1,0,1032,1032.0
220,7,43,2620,0,0,0,1,0,1,1,0,1540,1521.8
237,3,9,5514,0,0,0,1,0,1,0,0,711,711.0
97,6,7,5509,1,0,0,0,0,1,0,0,582,593.88
244,4,4,1648,1,0,0,0,0,0,0,1,976,976.0
140,3,6,4488,0,0,0,1,0,1,1,0,420,420.0
201,3,46,3641,0,0,0,1,0,1,1,0,603,603.0
187,2,7,4470,1,0,0,0,0,1,0,1,374,374.0
202,2,7,4506,0,0,0,1,0,1,0,1,404,404.0
164,2,2,1104,0,0,0,0,1,0,1,0,328,328.0
140,4,48,1322,1,0,0,0,0,1,0,1,560,560.04
170,8,61,1240,0,0,1,0,1,0,1,0,1360,1354.17
173,4,2,4615,0,0,0,1,1,0,0,1,692,691.84
216,2,52,3578,0,0,0,1,0,1,1,0,432,432.0
195,4,1,4393,0,0,0,1,0,1,1,0,780,780.04
138,3,10,4327,0,1,0,0,0,0,0,1,414,414.0
198,2,5,5724,0,1,0,0,0,1,1,0,396,396.0
148,4,10,5088,0,0,1,0,0,0,1,0,592,591.8
178,3,12,1900,0,0,1,0,0,0,0,0,534,534.0
257,4,4,1451,0,0,0,1,0,1,1,0,1028,1028.0
162,3,10,5726,0,0,0,1,0,0,0,1,486,486.0
258,4,3,4212,0,0,0,0,1,0,1,0,1032,1032.0
304,4,6,1864,0,0,0,1,0,1,1,0,1216,1215.56
271,4,4,4066,1,0,0,0,1,0,1,0,1084,1084.0
161,3,28,1809,0,0,0,1,0,1,0,1,483,483.0
171,3,5,5872,0,1,0,0,0,1,1,0,513,513.0
206,4,1,4583,0,0,0,1,0,1,0,0,824,824.0
134,3,10,4200,0,1,0,0,0,1,0,1,402,402.0
230,4,4,5278,0,1,0,0,0,1,0,1,920,920.04
191,3,6,4586,0,0,0,1,1,0,0,1,573,573.0
185,4,10,5254,1,0,0,0,0,1,0,0,740,739.8
264,5,1,4426,1,0,0,0,0,1,0,1,1320,1320.2
203,3,8,5929,1,0,0,0,0,1,0,1,609,609.0
190,4,47,3644,0,0,0,1,0,0,0,1,760,760.04
221,3,3,4430,0,0,1,0,0,1,0,1,663,663.0
146,4,7,4953,1,0,0,0,0,1,0,1,584,583.96
202,3,7,1946,0,0,0,1,1,0,0,1,606,606.0
256,5,1,1927,0,0,0,1,0,1,0,0,1280,1280.0
224,5,5,1842,0,0,0,0,0,0,1,0,1120,1120.0
259,6,5,1382,0,0,0,0,0,1,1,0,1554,1553.1
169,3,7,5976,0,1,0,0,1,0,1,0,507,507.0
181,3,9,4163,0,0,0,1,0,1,0,1,543,543.0
265,2,9,5135,0,0,0,0,0,0,0,1,530,530.0
141,3,12,1672,1,0,0,0,0,1,0,1,423,423.0
270,3,2,5272,1,0,0,0,0,1,0,1,810,810.0
167,3,52,1755,0,0,1,0,0,0,0,1,501,501.0
237,3,8,5131,0,0,0,1,1,0,1,0,711,711.0
197,4,40,3303,0,0,0,1,0,0,1,0,788,788.0
147,3,4,4549,0,1,0,0,0,1,1,0,441,441.0
298,4,4,1853,0,1,0,0,0,1,1,0,1192,1192.0
226,2,6,4547,0,0,0,1,0,1,1,0,452,452.0
182,3,34,3595,0,1,0,0,0,0,0,1,546,546.0
270,3,5,5950,0,1,0,0,0,1,0,1,810,810.0
229,4,8,5385,0,0,0,1,0,1,1,0,916,916.04
252,4,3,4956,0,0,0,1,0,1,1,0,1008,1008.0
218,3,6,4594,1,0,0,0,0,0,1,0,654,653.97
232,5,10,4576,0,0,0,0,1,0,0,0,1160,1160.0
180,2,49,1942,0,0,0,0,0,1,0,1,360,360.0
255,3,60,2777,0,0,0,0,0,1,0,1,765,765.0
141,2,30,1130,1,0,0,0,0,0,1,0,282,282.0
133,3,1,5026,0,0,0,0,0,1,0,1,399,399.0
255,6,3,4638,0,0,0,1,0,1,1,0,1530,1530.0
240,6,3,1321,0,0,0,0,1,0,0,1,1440,1439.94
192,4,46,3599,0,0,0,0,0,1,0,1,768,768.04
194,4,64,2026,0,0,0,1,0,1,1,0,776,776.0
241,10,41,3015,0,0,0,1,0,1,0,1,2410,2403.4
135,4,5,5934,0,0,1,0,0,0,1,0,540,540.36
115,3,60,1122,0,0,1,0,0,1,0,1,345,344.88
197,3,3,5658,0,0,0,1,0,1,1,0,591,591.0
271,4,4,2718,0,1,0,0,1,0,1,0,1084,1084.0
167,4,49,1973,0,0,0,1,0,1,0,1,668,667.84
152,6,2,4915,0,0,0,1,0,1,0,1,912,910.38
144,3,8,5221,0,0,0,0,0,1,1,0,432,432.0
297,4,7,1383,0,0,0,1,1,0,1,0,1188,1188.0
179,2,5,5058,0,1,0,0,0,1,1,0,358,358.0
140,8,8,4065,0,0,0,1,1,0,0,1,1120,1119.44
187,3,2,5154,0,0,0,0,0,1,0,1,561,561.0
266,5,2,1510,0,1,0,0,0,1,0,1,1330,1330.0
242,2,8,5243,0,0,0,0,0,0,0,1,484,484.0
201,3,10,5121,0,1,0,0,0,0,0,1,603,603.0
222,2,3,5665,0,0,0,0,0,1,0,0,444,444.0
243,2,14,3693,1,0,0,0,0,1,1,0,486,486.0
257,2,61,3341,0,0,0,1,0,1,1,0,514,514.0
146,8,7,4576,0,0,0,0,0,1,1,0,1168,1167.36
240,8,9,4436,0,0,0,0,1,0,1,0,1920,1912.56
140,5,3,4191,0,0,0,0,0,0,0,1,700,699.55
133,4,10,4151,0,0,0,1,0,0,1,0,532,532.0
207,10,9,4179,0,1,0,0,1,0,1,0,2070,2067.5
240,4,2,5215,0,0,0,1,0,0,0,1,960,960.12
136,2,4,5512,0,1,0,0,0,1,0,1,272,272.02
308,5,4,1303,0,1,0,0,0,0,0,1,1540,1539.3
163,3,3,4185,0,0,0,0,0,1,1,0,489,489.0
257,5,7,1090,0,0,0,1,0,1,1,0,1285,1285.0
230,5,4,1123,1,0,0,0,0,0,0,1,1150,1148.4
136,3,19,1420,0,0,0,1,0,1,0,1,408,408.0
199,4,6,5207,0,0,1,0,0,1,0,1,796,795.92
258,2,4,5052,0,0,0,0,0,1,1,0,516,516.0
173,3,7,4810,0,0,0,1,0,1,1,0,519,519.0
232,2,8,5146,0,0,0,1,1,0,0,0,464,464.0
152,4,6,5596,0,0,0,1,0,0,0,1,608,607.96
222,3,8,4861,0,0,0,1,0,1,1,0,666,666.0
217,2,8,4907,0,0,0,1,0,1,0,1,434,434.0
132,2,10,4462,0,1,0,0,0,1,1,0,264,264.0
264,3,5,5043,0,0,0,1,0,1,1,0,792,792.0
244,3,7,4078,1,0,0,0,0,1,0,1,732,732.0
152,2,3,1340,0,0,0,1,0,1,1,0,304,304.0
262,2,10,5032,0,1,0,0,0,1,0,1,524,524.0
229,6,5,1689,1,0,0,0,1,0,0,1,1374,1373.04
261,5,5,1073,0,0,1,0,1,0,0,1,1305,1305.0
257,2,2,5815,0,1,0,0,0,1,0,1,514,513.98
284,4,8,1148,0,0,1,0,0,1,0,1,1136,1136.0
194,3,3,5779,0,0,0,1,0,1,1,0,582,582.0
199,3,1,4006,0,0,1,0,0,0,0,1,597,597.0
232,4,4,4662,0,0,0,0,0,1,1,0,928,924.92
138,3,30,1805,1,0,0,0,0,1,1,0,414,414.0
261,2,7,5764,1,0,0,0,0,1,0,1,522,522.0
164,5,52,1644,0,0,0,1,0,1,1,0,820,818.95
283,5,10,1722,0,0,1,0,0,1,1,0,1415,1415.45
307,4,8,1339,1,0,0,0,1,0,1,0,1228,1228.0
149,3,54,1506,0,0,0,1,0,1,0,1,447,447.0
165,2,1,4768,0,0,0,0,0,1,0,1,330,330.0
173,2,5,4776,0,0,0,1,0,0,0,1,346,346.0
157,7,3,4878,0,0,0,1,0,1,1,0,1099,1097.18
153,4,7,1130,0,0,0,0,0,1,1,0,612,612.0
241,3,8,5306,0,0,1,0,0,1,0,0,723,723.0
229,2,10,5149,0,0,0,0,0,1,0,1,458,458.0
98,2,2,4125,0,0,0,0,0,1,0,1,196,195.26
182,4,61,3063,0,0,0,1,0,0,1,0,728,728.0
221,4,14,2932,0,0,0,1,0,0,0,1,884,883.68
199,4,8,5362,0,0,0,0,0,1,0,1,796,795.92
278,2,9,4318,0,0,0,1,0,1,0,1,556,556.04
279,4,1,1150,0,0,0,1,0,1,1,0,1116,1116.0
277,3,1,4186,0,0,0,1,1,0,0,1,831,831.84
166,3,7,5990,0,0,0,1,0,1,0,1,498,498.0
174,3,8,5576,0,0,0,1,1,0,0,1,522,522.0
200,2,9,4808,0,0,0,0,0,0,1,0,400,400.0
266,5,2,1798,1,0,0,0,0,0,0,1,1330,1329.85
149,2,5,1023,0,0,1,0,0,1,0,1,298,298.0
131,5,8,5084,0,0,0,1,0,1,1,0,655,654.9
212,4,2,3830,0,0,1,0,0,1,0,1,848,847.6
158,7,10,4244,0,0,0,0,0,1,0,1,1106,1100.47
135,3,20,1772,0,0,0,0,0,1,1,0,405,405.0
197,3,2,4410,0,1,0,0,0,1,1,0,591,591.0
273,2,16,2466,0,0,0,1,0,1,0,1,546,546.0
137,3,28,1815,0,0,0,1,0,1,0,0,411,411.0
143,2,20,1360,0,0,0,1,1,0,0,1,286,286.0
130,6,60,1971,0,0,0,1,1,0,1,0,780,775.74
147,3,44,1873,0,0,0,1,1,0,0,1,441,441.0
267,3,42,2332,0,0,0,1,0,1,1,0,801,801.0
187,3,8,4893,0,1,0,0,0,1,1,0,561,561.0
268,2,46,3076,0,0,0,1,0,1,0,1,536,536.0
287,4,5,1972,0,0,0,1,0,1,1,0,1148,1148.0
137,3,8,4066,0,0,0,1,0,0,0,1,411,411.0
262,2,8,4283,0,0,0,1,0,0,0,1,524,524.0
107,3,13,1861,1,0,0,0,0,0,0,0,321,319.47
190,2,36,3548,0,0,0,1,0,1,1,0,380,380.0
275,4,9,1215,0,0,0,0,0,1,0,1,1100,1100.0
247,5,10,1699,0,0,0,1,0,0,1,0,1235,1235.0
271,4,2,4133,0,0,0,1,0,0,0,1,1084,1084.0
106,2,6,5984,0,0,1,0,0,1,1,0,212,212.32
222,3,5,4949,0,0,0,0,0,0,0,1,666,666.0
273,5,10,1316,0,1,0,0,0,1,1,0,1365,1365.05
159,3,4,4756,0,0,0,1,1,0,0,0,477,477.0
187,6,9,4388,0,0,0,1,0,1,0,1,1122,1121.88
249,4,4,5418,1,0,0,0,0,1,0,1,996,995.96
255,4,2,1826,0,0,0,1,0,1,1,0,1020,1020.0
147,2,19,1936,0,0,1,0,0,0,0,1,294,293.98
139,4,3,4433,0,0,0,1,0,1,0,1,556,555.88
192,3,43,3498,0,1,0,0,1,0,1,0,576,576.0
245,3,5,5663,0,0,0,0,0,1,0,1,735,735.0
202,4,7,4458,1,0,0,0,0,0,0,1,808,808.0
225,3,51,2892,0,0,0,0,1,0,1,0,675,675.0
151,3,7,4611,0,0,0,0,0,1,1,0,453,453.0
187,3,3,4343,0,0,0,1,0,1,1,0,561,561.0
167,3,5,1772,1,0,0,0,0,1,1,0,501,501.0
227,3,54,3972,0,0,1,0,0,1,1,0,681,681.0
160,3,5,4440,0,0,1,0,0,0,0,1,480,480.0
282,4,1,1857,0,1,0,0,0,1,1,0,1128,1128.0
149,4,40,1102,1,0,0,0,0,0,1,0,596,595.92
172,10,1,4929,0,0,0,0,0,1,0,0,1720,1721.5
161,2,21,1075,0,1,0,0,0,0,0,0,322,322.0
211,2,39,2520,0,1,0,0,0,0,1,0,422,421.98
273,6,6,1771,0,0,0,0,0,1,1,0,1638,1637.76
197,7,22,2065,0,0,0,1,0,1,0,1,1379,1377.95
256,4,7,1372,0,0,0,1,1,0,1,0,1024,1024.0
249,3,1,5743,0,1,0,0,0,1,0,1,747,747.0
262,5,4,1509,0,0,0,1,0,1,1,0,1310,1310.0
205,5,4,4483,0,0,1,0,0,1,1,0,1025,1025.05
266,5,10,4140,0,1,0,0,0,1,1,0,1330,1330.0
224,2,5,5050,0,0,1,0,0,1,1,0,448,448.0
224,5,7,5738,0,0,0,1,1,0,1,0,1120,1120.0
275,4,7,1767,0,0,0,0,0,1,1,0,1100,1100.0
221,5,22,3075,0,0,0,1,0,1,0,1,1105,1104.9
266,2,49,2643,0,0,0,1,0,1,0,0,532,532.0
259,5,7,1871,0,0,0,1,0,1,1,0,1295,1295.0
218,3,40,3200,0,0,0,0,1,0,1,0,654,653.97
197,5,8,4209,0,0,0,1,0,0,1,0,985,984.45
246,2,1,4533,0,0,0,1,0,1,0,1,492,492.0
171,2,7,5190,0,0,0,0,0,1,1,0,342,342.0
264,8,10,5759,0,0,0,0,0,1,0,0,2112,2106.32
236,2,2,3949,1,0,0,0,0,1,0,0,472,471.98
213,3,6,5447,1,0,0,0,0,1,1,0,639,639.0
258,5,9,1947,0,0,0,0,0,1,1,0,1290,1290.0
203,2,8,4450,1,0,0,0,1,0,0,1,406,406.0
241,2,8,5602,1,0,0,0,0,1,1,0,482,481.98
240,5,10,1373,0,0,0,1,0,1,1,0,1200,1200.0
279,4,5,1836,0,1,0,0,1,0,1,0,1116,1116.0
216,3,7,5891,0,0,0,1,1,0,0,1,648,648.0
255,7,3,5936,0,1,0,0,0,1,1,0,1785,1787.03
177,3,9,4890,1,0,0,0,0,0,1,0,531,531.0
278,4,3,1033,0,1,0,0,0,1,0,0,1112,1112.0
169,3,5,5750,0,0,0,0,0,0,0,0,507,507.0
272,2,2,5022,0,0,0,1,0,1,1,0,544,544.0
257,2,24,2130,0,0,0,0,0,1,1,0,514,514.0
176,4,1,5810,0,0,1,0,0,1,1,0,704,703.72
170,5,5,4823,0,1,0,0,1,0,1,0,850,849.0
133,3,10,5803,0,0,0,1,0,1,0,1,399,399.0
202,2,62,3398,0,0,0,1,0,1,0,1,404,404.0
269,3,15,2522,0,0,1,0,1,0,0,1,807,807.0
151,3,40,1173,0,1,0,0,0,1,1,0,453,453.0
135,3,9,4511,0,0,0,1,0,0,1,0,405,405.0
234,2,55,3308,0,1,0,0,0,0,1,0,468,468.0
127,3,15,1522,0,0,1,0,0,1,1,0,381,381.06
266,3,7,5121,1,0,0,0,0,1,0,1,798,798.0
265,10,6,4380,0,0,0,0,0,0,1,0,2650,2644.0
241,4,10,4126,0,0,0,1,0,1,0,1,964,964.08
257,4,1,1957,0,0,0,1,0,1,0,1,1028,1028.0
210,3,9,4102,0,0,0,1,0,1,1,0,630,630.0
200,3,45,2486,1,0,0,0,0,1,0,1,600,600.0
176,3,8,1567,1,0,0,0,0,0,0,1,528,528.0
271,4,8,1867,0,0,0,0,0,1,0,1,1084,1084.0
189,2,15,2457,0,1,0,0,1,0,1,0,378,378.0
186,2,1,4519,0,0,1,0,1,0,1,0,372,372.0
109,2,23,1479,1,0,0,0,1,0,0,0,218,217.7
266,7,3,5672,0,0,1,0,0,1,0,1,1862,1859.48
204,4,6,5926,0,0,1,0,0,1,0,1,816,815.92
201,10,7,4699,0,0,0,1,1,0,0,0,2010,2010.5
182,3,9,5735,1,0,0,0,0,1,0,1,546,546.0
146,3,7,4126,0,0,0,1,0,1,0,1,438,438.0
278,4,8,1909,0,0,0,0,0,1,1,0,1112,1111.96
151,2,26,1793,0,0,0,1,1,0,1,0,302,302.0
137,3,8,4742,0,0,0,1,0,1,1,0,411,411.0
253,2,2,5643,0,0,0,0,0,0,0,0,506,506.0
258,3,2,5828,1,0,0,0,0,1,0,1,774,774.0
271,4,2,1893,0,0,0,1,0,0,1,0,1084,1084.0
129,3,52,1513,0,1,0,0,1,0,0,1,387,387.24
134,2,7,5967,1,0,0,0,0,1,0,1,268,268.0
209,3,1,5186,0,1,0,0,0,1,1,0,627,627.0
263,5,10,1059,1,0,0,0,0,1,0,1,1315,1315.05
300,4,3,1070,0,0,0,1,0,1,0,1,1200,1199.96
268,3,17,3085,0,0,0,1,0,1,1,0,804,804.0
285,4,6,1016,0,0,0,1,0,1,0,1,1140,1140.0
153,2,9,4359,0,0,0,1,1,0,0,1,306,306.0
212,3,2,4353,1,0,0,0,0,0,1,0,636,636.0
249,2,1,5190,0,0,1,0,0,1,0,1,498,498.0
234,3,60,2596,0,1,0,0,0,1,0,0,702,702.0
195,3,3,5961,0,0,0,1,0,1,0,1,585,585.0
164,3,10,4639,0,0,0,1,0,1,0,0,492,492.0
281,4,7,1599,0,0,0,0,0,1,0,1,1124,1124.0
226,2,2,4219,1,0,0,0,0,1,0,0,452,452.0
241,3,10,4120,0,0,0,0,0,1,1,0,723,723.0
251,2,10,4898,1,0,0,0,0,1,1,0,502,502.0
212,3,2,2456,0,1,0,0,0,1,1,0,636,636.0
239,3,1,5910,1,0,0,0,0,1,0,0,717,717.0
229,3,43,1793,0,1,0,0,0,1,1,0,687,687.0
250,2,1,4747,1,0,0,0,0,1,0,1,500,500.0
160,6,9,4972,0,0,0,1,0,1,0,1,960,958.26
217,2,10,4264,0,1,0,0,0,1,0,1,434,434.0
156,4,26,1769,0,0,1,0,0,1,0,1,624,623.92
201,3,6,5616,0,0,0,1,0,1,0,1,603,603.0
245,2,3,5850,0,0,0,1,0,1,0,1,490,490.0
245,3,5,5226,0,0,0,0,0,1,1,0,735,735.0
242,2,7,4960,0,0,0,1,1,0,0,1,484,484.0
235,3,8,4522,0,0,0,0,1,0,0,0,705,705.0
250,3,6,5565,1,0,0,0,0,1,1,0,750,750.0
227,3,2,4058,1,0,0,0,0,0,0,1,681,681.0
173,5,2,1175,0,0,0,1,0,1,0,1,865,864.3
152,3,1,4949,0,1,0,0,0,1,1,0,456,456.0
290,4,5,1784,0,0,0,1,0,1,1,0,1160,1160.0
263,6,2,1851,0,0,0,0,0,1,1,0,1578,1578.0
133,2,1,4643,0,0,0,0,0,1,0,1,266,266.0
237,2,6,2965,0,1,0,0,0,0,0,1,474,474.0
154,2,7,4359,1,0,0,0,1,0,0,0,308,308.02
238,3,17,2624,0,1,0,0,0,1,1,0,714,714.0
180,2,5,4010,1,0,0,0,0,1,1,0,360,360.0
230,3,4,5189,1,0,0,0,0,0,0,0,690,690.0
214,5,51,2669,0,0,0,0,0,1,0,1,1070,1069.7
277,5,32,1055,0,0,0,0,1,0,0,1,1385,1385.5
260,3,3,4661,0,0,1,0,0,1,0,1,780,780.0
199,5,6,4417,1,0,0,0,1,0,0,1,995,994.45
149,2,9,4605,0,0,0,1,0,1,0,1,298,298.0
226,4,2,5600,0,0,0,1,0,0,0,0,904,903.48
166,2,6,5737,0,0,0,0,1,0,1,0,332,332.0
211,4,4,4032,0,1,0,0,0,1,0,1,844,843.88
209,4,1,5057,0,0,0,1,0,1,0,1,836,836.44
249,5,8,1018,1,0,0,0,0,1,1,0,1245,1245.05
176,2,1,4155,0,1,0,0,0,0,1,0,352,352.0
241,5,1,1146,1,0,0,0,1,0,1,0,1205,1205.0
212,3,7,4411,1,0,0,0,0,1,0,1,636,636.0
286,4,31,3774,0,0,0,1,1,0,1,0,1144,1144.0
244,5,5,1787,0,1,0,0,1,0,1,0,1220,1220.0
145,2,44,1212,0,0,1,0,0,1,1,0,290,290.04
154,2,57,1096,0,1,0,0,0,1,1,0,308,308.0
243,3,8,4093,0,1,0,0,0,1,0,1,729,729.0
151,2,3,5039,0,0,0,1,0,1,1,0,302,302.0
241,2,4,5942,0,1,0,0,0,0,0,1,482,481.98
173,3,4,4793,0,0,0,1,1,0,1,0,519,519.0
275,5,5,1329,1,0,0,0,0,1,0,1,1375,1375.0
271,3,9,4185,0,0,0,0,0,1,1,0,813,813.0
201,10,7,5340,0,0,0,1,1,0,1,0,2010,2009.0
154,2,4,5864,0,1,0,0,0,1,0,1,308,308.0
226,4,10,5676,0,1,0,0,0,1,1,0,904,904.24
226,5,6,1510,0,0,0,0,0,1,0,1,1130,1130.05
226,5,2,1912,0,0,1,0,0,1,0,1,1130,1130.05
275,4,10,5066,0,1,0,0,0,1,0,1,1100,1100.0
103,5,3,4966,0,0,0,1,0,1,1,0,515,509.3
183,2,36,3819,0,0,0,1,0,1,1,0,366,366.0
135,7,5,4716,0,1,0,0,0,1,0,1,945,937.23
123,5,5,4292,0,1,0,0,0,0,0,1,615,615.0
172,2,23,1019,0,0,0,0,1,0,1,0,344,344.0
294,4,15,1318,1,0,0,0,0,1,1,0,1176,1176.0
254,6,5,1951,0,0,0,1,1,0,1,0,1524,1522.98
257,4,1,1513,0,1,0,0,0,1,0,1,1028,1028.0
205,5,35,2988,0,1,0,0,0,1,0,1,1025,1025.35
240,2,2,5588,0,0,0,1,1,0,0,1,480,480.0
243,3,35,2374,0,0,0,0,0,1,0,1,729,729.0
157,4,7,5974,0,0,0,1,0,0,1,0,628,628.0
258,3,58,2579,1,0,0,0,0,0,0,1,774,774.0
176,4,63,1293,0,0,0,1,0,1,0,0,704,704.08
212,3,8,5214,0,0,0,1,0,0,1,0,636,636.0
143,3,10,5261,0,0,0,1,0,0,1,0,429,429.0
218,4,50,3990,0,0,0,0,1,0,1,0,872,872.12
238,3,55,3257,0,0,1,0,0,1,0,0,714,714.0
185,2,4,4746,0,0,1,0,0,0,1,0,370,370.0
211,4,22,2942,0,0,1,0,0,1,0,0,844,843.76
148,3,5,4892,0,0,0,0,1,0,0,1,444,444.0
255,3,8,5865,0,0,0,1,0,1,1,0,765,765.0
213,3,57,3599,0,1,0,0,0,1,0,1,639,639.0
210,2,6,5250,0,1,0,0,0,1,0,1,420,420.02
241,2,5,5666,1,0,0,0,1,0,0,1,482,481.98
180,3,10,5633,0,0,0,1,0,1,1,0,540,540.0
236,6,4,1705,0,0,0,0,0,1,0,1,1416,1415.82
232,5,8,1265,0,0,0,1,0,1,0,1,1160,1160.0
221,2,54,3065,0,1,0,0,1,0,0,1,442,442.0
274,3,7,4477,0,0,1,0,0,1,0,1,822,822.0
205,3,6,4254,0,1,0,0,1,0,1,0,615,615.0
264,3,3,4970,1,0,0,0,0,1,1,0,792,792.0
251,2,3,5347,0,0,0,1,1,0,1,0,502,502.0
241,3,9,5184,0,0,0,1,0,1,0,1,723,723.0
278,5,2,4361,0,0,1,0,0,1,0,1,1390,1388.35
219,3,1,4918,0,0,1,0,0,1,0,1,657,657.0
256,5,6,1551,0,0,0,1,0,1,1,0,1280,1280.0
162,3,2,5893,0,0,0,1,0,1,0,0,486,486.0
252,3,6,5101,0,0,0,1,0,1,0,0,756,756.0
212,2,8,4239,0,0,1,0,1,0,0,1,424,424.0
217,2,9,5554,0,0,0,0,0,0,0,0,434,434.0
270,5,10,1340,0,0,0,0,0,1,1,0,1350,1350.0
134,4,5,5090,0,1,0,0,0,1,1,0,536,536.04
128,6,3,5459,0,0,0,0,1,0,0,1,768,774.18
197,5,8,4793,0,0,0,1,1,0,1,0,985,984.55
245,5,8,1122,0,0,0,1,0,0,1,0,1225,1225.0
242,2,7,4501,0,1,0,0,0,1,1,0,484,484.0
177,3,5,5941,0,1,0,0,0,1,1,0,531,531.0
185,3,9,4469,0,0,0,1,0,1,0,1,555,555.0
229,2,1,5724,0,0,0,0,0,1,0,1,458,458.0
191,2,7,5357,0,0,1,0,0,1,0,1,382,382.0
226,3,8,4002,0,0,0,0,1,0,1,0,678,678.0
156,3,6,5231,0,1,0,0,0,1,1,0,468,468.0
230,3,40,2225,0,0,1,0,0,1,0,1,690,690.0
154,3,2,4219,0,0,0,0,0,1,0,0,462,462.0
264,3,10,5137,0,0,0,0,0,1,1,0,792,792.0
230,3,10,5163,0,0,0,0,0,1,1,0,690,690.0
252,3,4,5017,0,0,0,0,0,1,0,1,756,756.0
264,3,5,3861,0,0,0,0,0,0,0,1,792,792.0
190,3,7,4766,0,0,0,0,1,0,0,1,570,570.0
269,3,3,4409,0,0,0,1,0,0,1,0,807,807.0
273,2,5,5608,0,1,0,0,0,1,1,0,546,546.0
179,3,9,4459,0,0,0,1,0,1,1,0,537,537.0
251,3,9,4298,0,0,0,1,1,0,1,0,753,753.0
189,2,12,2888,0,1,0,0,0,0,0,1,378,378.0
174,3,2,4221,0,0,0,1,0,1,0,1,522,522.0
222,5,4,1311,0,0,1,0,1,0,1,0,1110,1109.8
135,2,37,1597,0,0,0,1,1,0,0,1,270,270.0
158,5,2,4303,0,1,0,0,0,1,0,1,790,790.15
238,5,2,1657,0,0,0,1,0,0,1,0,1190,1190.05
187,2,44,3218,0,1,0,0,0,1,1,0,374,374.0
175,2,12,1817,0,0,0,1,0,1,0,1,350,350.0
240,8,9,4908,0,1,0,0,0,0,1,0,1920,1913.36
306,4,4,1449,0,0,0,1,0,1,1,0,1224,1224.0
310,4,10,1553,0,0,1,0,0,1,0,1,1240,1239.96
200,8,9,2741,0,1,0,0,0,1,1,0,1600,1593.36
259,3,39,2427,1,0,0,0,0,1,1,0,777,777.0
243,2,7,4024,1,0,0,0,0,1,0,0,486,486.0
208,3,8,4890,0,0,0,1,0,1,0,1,624,624.0
132,2,8,1665,1,0,0,0,0,1,0,1,264,264.0
232,4,27,3436,0,0,0,1,0,1,1,0,928,925.88
175,2,7,1188,0,0,0,0,0,1,0,1,350,350.0
229,5,1,1196,0,0,0,0,0,0,1,0,1145,1145.05
171,3,7,5318,0,0,0,1,0,1,0,1,513,513.0
243,3,4,5082,0,1,0,0,0,1,0,0,729,729.0
250,4,3,5449,0,1,0,0,0,1,1,0,1000,1000.0
305,4,9,1479,1,0,0,0,1,0,0,1,1220,1220.0
206,3,5,5785,0,1,0,0,1,0,0,1,618,618.0
216,3,12,2273,0,1,0,0,0,1,1,0,648,648.0
167,3,5,5791,0,1,0,0,0,1,0,1,501,501.0
156,3,8,5668,0,0,1,0,0,1,0,1,468,468.0
261,5,2,1690,1,0,0,0,0,1,0,1,1305,1305.0
245,5,4,1470,0,0,0,1,0,0,1,0,1225,1225.0
236,4,65,2280,0,0,1,0,1,0,1,0,944,944.0
231,3,55,3952,0,0,1,0,0,1,1,0,693,693.0
263,3,25,3689,0,0,0,1,0,1,1,0,789,789.0
253,5,6,1028,0,0,0,1,0,1,1,0,1265,1265.0
187,2,10,3549,0,0,0,0,0,1,0,1,374,374.0
240,7,57,2708,0,0,1,0,1,0,0,1,1680,1682.03
167,8,44,1547,0,0,0,1,0,1,1,0,1336,1337.53
271,4,3,1710,1,0,0,0,0,1,1,0,1084,1084.0
205,2,6,4853,0,0,1,0,0,1,1,0,410,410.0
177,4,9,5311,0,0,0,1,0,1,0,0,708,707.88
189,2,8,4567,1,0,0,0,0,0,1,0,378,378.0
152,6,7,1674,0,0,0,1,0,0,1,0,912,909.9
226,2,6,5033,0,0,0,1,0,1,0,0,452,452.0
241,3,6,4558,0,0,0,1,0,0,0,1,723,723.0
156,2,44,1561,0,0,1,0,0,0,1,0,312,312.0
286,7,7,2338,0,0,1,0,0,1,0,1,2002,1994.51
221,2,10,4715,0,0,0,0,0,1,0,1,442,442.0
196,5,7,4622,0,1,0,0,1,0,0,0,980,979.75
259,5,1,1271,0,0,0,0,0,1,0,1,1295,1295.0
185,2,4,5428,0,0,1,0,0,0,1,0,370,370.0
199,4,1,5204,0,0,0,1,1,0,0,1,796,796.04
255,3,6,4044,0,0,1,0,0,1,0,0,765,765.0
225,3,62,2587,0,1,0,0,1,0,1,0,675,675.0
229,2,51,2628,0,0,0,0,0,0,1,0,458,458.1
139,3,64,1814,0,0,0,0,0,1,1,0,417,417.0
276,4,3,3889,0,0,0,0,0,1,1,0,1104,1104.12
254,6,7,1064,0,0,0,1,0,1,1,0,1524,1523.52
308,5,6,1118,0,1,0,0,1,0,0,1,1540,1539.05
144,4,5,5121,0,0,0,1,0,1,1,0,576,576.0
137,2,52,1012,0,0,0,0,0,1,1,0,274,273.96
225,5,5,1015,1,0,0,0,0,1,1,0,1125,1125.0
233,2,45,2732,0,0,0,0,0,1,1,0,466,466.0
191,4,3,5578,0,0,0,1,1,0,1,0,764,763.88
222,3,21,2351,0,0,0,0,0,0,0,0,666,666.0
232,3,4,1716,0,0,0,1,0,1,1,0,696,696.0
206,3,3,5746,0,0,0,0,0,1,1,0,618,618.0
246,3,7,4733,0,0,1,0,1,0,0,1,738,738.0
159,2,17,1686,0,0,0,1,0,1,1,0,318,318.0
258,3,36,2211,1,0,0,0,1,0,0,1,774,774.0
223,4,1,4195,0,1,0,0,0,1,1,0,892,892.04
111,2,4,4473,1,0,0,0,1,0,1,0,222,222.16
217,6,6,1552,0,0,0,1,1,0,0,1,1302,1301.58
241,4,3,5051,1,0,0,0,0,1,1,0,964,964.0
220,3,9,5896,0,1,0,0,0,1,1,0,660,660.0
132,3,4,4475,0,0,1,0,0,0,0,1,396,395.91
203,2,2,4190,0,0,0,0,0,1,0,0,406,406.0
304,4,10,1983,0,0,0,1,0,1,0,1,1216,1215.32
152,3,4,5299,0,0,0,1,0,1,1,0,456,456.0
120,4,10,5537,0,0,0,0,0,0,0,0,480,478.0
159,3,33,1330,0,0,0,0,0,0,1,0,477,477.0
192,3,9,5004,0,0,0,1,0,1,1,0,576,576.0
214,6,3,3234,1,0,0,0,0,1,1,0,1284,1277.4
229,8,2,4271,0,1,0,0,0,1,0,1,1832,1811.84
206,3,53,2182,0,0,0,1,0,0,1,0,618,618.0
280,3,7,4620,1,0,0,0,0,1,1,0,840,840.06
306,4,6,1461,0,0,0,0,0,1,1,0,1224,1224.0
184,3,2,4875,1,0,0,0,0,0,1,0,552,552.0
190,3,7,3175,0,0,1,0,0,0,1,0,570,570.0
167,3,9,4660,0,0,0,1,0,1,1,0,501,501.0
252,2,9,4157,0,0,0,0,0,1,1,0,504,504.0
175,3,8,5944,0,0,0,1,0,1,1,0,525,525.0
214,5,6,4573,0,0,0,1,0,0,0,1,1070,1069.95
262,2,37,3523,0,0,0,0,0,1,1,0,524,524.0
150,3,11,1861,0,0,0,0,0,0,1,0,450,450.0
256,3,4,5068,1,0,0,0,0,0,1,0,768,768.0
194,3,10,2277,0,0,1,0,0,1,0,1,582,582.0
235,3,4,5748,0,0,0,1,0,1,0,1,705,705.0
246,3,1,4273,0,0,1,0,0,1,0,0,738,738.0
243,2,58,2758,0,1,0,0,0,1,0,1,486,486.0
240,6,10,1986,0,0,1,0,0,1,1,0,1440,1440.36
209,8,46,3345,1,0,0,0,0,1,0,1,1672,1667.36
269,3,23,3652,1,0,0,0,0,0,0,1,807,807.0
239,2,2,5625,0,0,0,0,0,1,0,1,478,478.0
166,5,1,5463,1,0,0,0,0,1,1,0,830,829.95
170,3,29,1188,0,0,0,1,0,1,1,0,510,510.0
184,4,6,4155,0,0,0,0,0,0,1,0,736,735.88
232,3,10,1014,1,0,0,0,0,1,1,0,696,696.0
269,8,4,4290,0,0,0,1,0,1,0,1,2152,2165.44
310,4,5,1791,1,0,0,0,0,1,0,1,1240,1239.96
171,3,5,4310,0,0,0,1,0,0,0,1,513,513.0
261,3,2,4140,0,0,0,1,0,0,0,1,783,783.0
146,2,8,5375,0,0,0,0,0,1,0,1,292,291.88
148,2,29,1809,0,0,1,0,0,1,1,0,296,296.0
269,2,2,4013,0,0,1,0,1,0,0,1,538,538.0
254,7,5,4104,1,0,0,0,0,0,1,0,1778,1775.13
258,2,2,4308,0,0,1,0,1,0,1,0,516,516.0
118,2,40,1014,0,1,0,0,0,0,1,0,236,235.6
255,4,14,3099,0,0,0,0,0,1,1,0,1020,1020.0
264,3,16,2245,0,1,0,0,0,1,0,1,792,792.0
139,2,3,5261,0,0,0,1,0,1,0,1,278,277.98
249,2,53,2323,0,0,0,1,1,0,0,1,498,498.0
133,3,5,4538,0,0,0,0,0,1,0,1,399,399.0
270,5,8,1862,0,0,0,0,0,1,0,1,1350,1350.0
197,2,3,4715,1,0,0,0,0,1,0,1,394,394.0
259,3,45,3761,1,0,0,0,0,1,0,0,777,777.0
225,2,6,5274,0,1,0,0,0,1,0,0,450,450.0
268,3,6,5603,0,0,0,1,0,1,1,0,804,804.0
156,3,20,1523,0,0,1,0,0,1,1,0,468,468.0
174,3,7,4813,0,0,0,0,1,0,1,0,522,522.0
177,7,3,5646,0,0,0,1,0,1,1,0,1239,1235.64
229,6,8,1175,0,0,0,1,0,1,0,1,1374,1374.12
150,2,6,5355,0,1,0,0,0,1,1,0,300,300.0
200,8,18,3806,0,0,0,0,0,1,1,0,1600,1592.0
255,4,8,5511,0,0,1,0,0,1,1,0,1020,1020.0
171,4,7,5359,0,0,0,0,1,0,1,0,684,684.08
246,4,3,4316,0,0,0,1,0,1,1,0,984,984.0
154,3,48,7684,0,0,0,1,0,1,0,1,462,462.0
175,3,1,4872,0,0,1,0,0,1,0,1,525,525.0
160,3,3,5662,1,0,0,0,0,1,0,1,480,480.0
272,3,48,3780,0,1,0,0,1,0,0,1,816,816.0
225,5,1,1476,0,0,0,1,0,0,1,0,1125,1125.0
228,3,8,5643,0,0,0,1,0,1,1,0,684,684.0
224,5,10,5602,0,0,0,1,0,0,0,1,1120,1119.95
285,4,10,1428,0,0,1,0,0,1,0,1,1140,1140.0
162,2,62,1650,0,1,0,0,1,0,0,1,324,324.0
298,4,8,1437,1,0,0,0,1,0,0,1,1192,1191.92
224,3,7,5870,0,0,1,0,0,1,1,0,672,672.0
222,3,10,5185,1,0,0,0,0,0,1,0,666,666.0
137,3,9,1347,1,0,0,0,0,1,0,1,411,411.0
182,2,10,4391,0,0,1,0,0,1,1,0,364,364.0
150,6,42,1070,0,0,0,1,0,0,0,1,900,892.32
146,5,10,1737,0,0,0,0,1,0,1,0,730,729.25
245,4,9,4139,0,0,0,1,0,1,1,0,980,980.0
250,3,6,4636,0,0,0,0,0,1,0,1,750,750.0
288,4,9,1575,1,0,0,0,0,1,0,1,1152,1151.92
207,3,20,2637,0,0,0,1,0,0,1,0,621,621.0
134,3,38,1530,0,0,0,0,1,0,1,0,402,402.0
254,4,2,1071,0,0,1,0,0,1,1,0,1016,1016.0
177,2,2,4906,0,0,0,1,0,0,1,0,354,354.0
177,3,61,1880,1,0,0,0,0,1,0,1,531,531.0
101,6,6,5080,0,0,1,0,1,0,1,0,606,604.24
208,2,8,5218,0,0,0,1,0,1,1,0,416,416.0
211,3,3,1368,1,0,0,0,0,1,1,0,633,633.0
221,3,5,4388,0,1,0,0,0,1,1,0,663,663.0
209,3,20,3181,0,1,0,0,1,0,1,0,627,627.0
268,5,1,4704,0,0,0,0,1,0,0,1,1340,1340.1
286,4,5,1248,0,1,0,0,1,0,1,0,1144,1144.0
172,5,4,4668,0,0,1,0,0,1,1,0,860,859.1
198,3,8,4680,0,0,0,1,1,0,1,0,594,594.0
177,3,9,5427,1,0,0,0,0,1,1,0,531,531.0
218,3,4,3534,0,0,0,1,1,0,0,1,654,653.97
168,2,9,4608,0,1,0,0,1,0,1,0,336,336.0
119,2,10,4146,0,0,0,1,1,0,1,0,238,237.56
163,2,3,4099,0,0,0,1,0,1,1,0,326,326.0
199,2,18,3346,0,1,0,0,0,1,0,1,398,398.0
150,2,46,1431,0,0,0,1,0,1,0,1,300,300.0
241,5,8,2182,0,0,1,0,0,1,1,0,1205,1205.05
278,4,9,1368,0,0,1,0,0,1,1,0,1112,1111.96
142,2,2,4472,0,0,1,0,1,0,1,0,284,284.0
200,2,44,2651,1,0,0,0,0,1,1,0,400,400.0
245,3,2,4835,0,0,1,0,1,0,0,1,735,735.0
236,3,6,2639,0,0,0,0,1,0,0,1,708,708.0
172,6,5,5366,0,0,0,1,0,1,0,1,1032,1031.46
171,3,6,4656,0,0,0,1,1,0,1,0,513,513.0
275,2,41,2546,0,0,0,1,0,1,1,0,550,550.3
261,5,1,5442,0,0,0,1,0,1,1,0,1305,1305.0
162,3,4,5869,0,0,0,1,1,0,1,0,486,486.0
138,5,8,1349,0,0,1,0,0,1,0,1,690,689.65
226,2,45,1446,0,0,0,1,1,0,0,1,452,452.0
181,4,4,5505,0,0,1,0,0,1,0,1,724,724.0
197,3,29,2915,0,0,0,1,0,0,1,0,591,591.0
268,4,2,1462,0,0,0,0,0,1,0,1,1072,1072.0
153,3,9,4404,0,0,0,0,0,0,1,0,459,459.0
264,2,63,2896,0,0,0,1,0,1,1,0,528,528.0
165,3,51,1293,0,0,0,1,0,1,0,1,495,495.0
204,6,1,4943,0,0,0,0,1,0,1,0,1224,1222.5
271,3,1,4537,1,0,0,0,0,0,1,0,813,813.0
305,4,9,1072,0,1,0,0,0,1,0,1,1220,1220.0
260,4,8,1522,0,0,1,0,0,1,1,0,1040,1040.0
147,2,19,1940,0,0,1,0,0,1,0,1,294,294.0
230,2,48,3743,0,0,0,0,1,0,0,1,460,459.9
241,3,3,4253,0,1,0,0,0,1,0,1,723,723.0
225,2,8,4725,0,0,0,1,0,1,1,0,450,450.0
137,2,37,1447,1,0,0,0,0,0,0,1,274,273.96
226,5,8,1133,0,0,1,0,0,1,0,1,1130,1130.05
175,3,55,1229,0,0,0,0,0,1,0,0,525,525.0
211,2,45,3332,1,0,0,0,0,0,1,0,422,421.98
219,6,2,1650,0,1,0,0,1,0,1,0,1314,1313.52
290,4,10,1886,0,1,0,0,0,1,1,0,1160,1160.0
200,3,3,4225,0,0,1,0,1,0,0,1,600,600.0
186,2,8,5924,1,0,0,0,0,1,0,1,372,372.0
284,10,8,4562,0,0,0,1,1,0,1,0,2840,2803.0
237,5,8,1150,0,0,1,0,0,1,0,1,1185,1185.0
210,3,43,2096,0,0,0,1,0,1,0,1,630,630.0
226,5,4,1518,0,0,0,0,0,1,0,1,1130,1130.05
255,4,5,5870,0,0,0,1,0,1,1,0,1020,1020.0
218,6,5,4364,1,0,0,0,0,1,1,0,1308,1308.48
276,4,7,1742,0,0,0,1,0,1,1,0,1104,1104.0
263,3,4,4935,0,0,0,1,0,1,0,1,789,789.0
226,3,8,5106,1,0,0,0,0,1,0,1,678,678.0
239,5,6,1986,0,1,0,0,0,1,1,0,1195,1195.0
135,2,20,1908,0,0,0,1,0,1,0,1,270,270.0
196,3,8,5541,0,0,0,0,0,1,0,1,588,588.0
229,2,8,5868,0,1,0,0,0,1,0,1,458,458.0
270,3,9,5807,0,0,0,1,0,1,1,0,810,810.0
228,3,20,3382,0,1,0,0,0,1,0,1,684,684.0
166,3,3,1832,0,0,0,1,0,0,0,1,498,498.0
247,4,4,1476,1,0,0,0,0,0,0,1,988,988.0
247,4,3,1752,0,0,0,1,0,1,1,0,988,988.0
158,2,36,1788,0,1,0,0,0,1,0,1,316,316.0
213,4,2,5857,0,0,0,1,0,0,1,0,852,851.96
246,4,2,1581,0,0,0,1,1,0,0,1,984,984.0
133,3,10,5640,0,0,1,0,0,1,1,0,399,399.0
161,3,2,5257,0,1,0,0,0,1,1,0,483,483.0
213,2,10,5495,0,0,1,0,1,0,1,0,426,426.0
269,2,8,5294,0,0,0,1,0,1,1,0,538,538.0
226,6,5,1981,0,0,1,0,0,1,1,0,1356,1355.76
195,3,10,5585,0,0,0,1,1,0,0,1,585,585.0
248,5,8,1881,0,0,0,0,0,0,0,1,1240,1239.95
273,2,5,4236,0,0,0,0,1,0,0,0,546,546.0
266,3,16,2334,0,0,1,0,0,1,0,1,798,798.0
212,2,5,4804,1,0,0,0,0,0,1,0,424,424.0
178,3,22,1907,0,0,0,0,0,1,0,0,534,534.0
219,3,17,3387,1,0,0,0,0,1,0,1,657,657.0
195,3,37,3690,0,1,0,0,0,1,1,0,585,585.0
237,5,2,1429,0,0,0,0,0,1,0,1,1185,1185.0
137,4,29,1262,0,0,0,1,0,0,0,0,548,547.68
247,10,10,5644,0,1,0,0,0,1,0,0,2470,2469.5
105,4,1,1622,0,0,0,1,0,1,0,0,420,417.76
264,2,61,2025,0,0,0,1,0,1,1,0,528,528.0
143,2,64,1910,0,0,1,0,0,1,0,1,286,286.0
211,2,9,4577,0,0,1,0,0,1,0,1,422,421.98
195,3,10,2021,0,0,0,0,1,0,0,1,585,585.0
270,3,12,3279,0,0,0,0,0,0,1,0,810,810.0
236,3,8,5783,0,0,0,1,1,0,0,1,708,708.0
191,5,1,4314,0,0,0,1,0,1,1,0,955,954.75
254,6,4,1850,0,0,0,1,0,1,1,0,1524,1523.52
212,3,11,2073,0,0,0,1,0,1,1,0,636,636.0
252,3,4,5540,0,1,0,0,0,1,0,1,756,756.0
215,4,5,5409,0,0,0,1,0,1,0,1,860,860.28
216,4,3,4750,0,1,0,0,0,1,0,1,864,863.96
235,5,9,1821,0,0,0,1,0,1,1,0,1175,1175.0
164,3,28,1880,0,0,1,0,1,0,1,0,492,492.0
251,2,2,4839,0,0,0,0,0,1,1,0,502,502.0
267,5,10,1818,0,0,0,0,0,1,0,1,1335,1335.05
241,3,6,5836,0,0,0,1,1,0,1,0,723,723.0
254,3,10,4148,0,0,1,0,0,1,0,1,762,762.0
144,3,7,5496,0,0,0,1,1,0,1,0,432,432.0
168,3,37,1717,0,1,0,0,1,0,1,0,504,504.0
190,2,7,5834,0,0,0,1,0,1,1,0,380,380.02
274,4,10,4798,0,0,0,0,0,1,0,1,1096,1096.0
222,3,7,5340,0,0,0,1,0,1,1,0,666,666.0
137,2,6,4055,0,0,0,0,0,1,1,0,274,273.98
293,6,7,1117,0,0,1,0,0,1,1,0,1758,1739.04
156,8,9,4733,0,1,0,0,0,1,0,1,1248,1249.16
209,3,54,3001,0,0,0,1,0,1,0,1,627,627.0
159,5,7,4063,0,0,0,0,0,1,1,0,795,794.95
195,3,1,4224,0,0,0,0,0,1,1,0,585,585.0
270,5,5,1852,0,1,0,0,0,1,1,0,1350,1350.0
192,3,6,4037,1,0,0,0,0,1,0,1,576,576.0
183,2,5,5329,0,0,0,0,0,1,1,0,366,366.0
203,3,6,4234,0,0,1,0,0,0,0,1,609,609.0
145,3,45,1059,0,0,0,1,0,1,0,1,435,435.0
158,2,15,1030,0,0,0,1,0,1,0,1,316,316.0
232,5,1,1835,1,0,0,0,0,0,1,0,1160,1160.0
280,4,5,1431,0,0,1,0,0,1,0,1,1120,1120.0
168,2,6,5686,0,0,0,0,0,1,0,0,336,336.0
210,4,3,5432,1,0,0,0,1,0,1,0,840,839.8
218,2,9,5637,0,0,1,0,0,1,1,0,436,436.0
251,10,2,4336,0,0,0,1,0,1,0,1,2510,2503.6
274,6,1,4632,1,0,0,0,1,0,0,1,1644,1643.28
274,6,2,1748,0,0,0,1,0,1,0,1,1644,1643.94
258,5,9,1548,0,0,0,0,1,0,1,0,1290,1290.0
231,7,6,5755,0,0,0,1,0,1,0,0,1617,1611.75
205,4,2,4690,1,0,0,0,0,1,0,1,820,819.96
218,2,4,5142,0,0,1,0,0,1,1,0,436,436.0
265,4,1,1345,0,0,0,0,0,1,1,0,1060,1060.0
199,4,59,2885,1,0,0,0,0,1,1,0,796,795.72
202,3,2,4299,1,0,0,0,0,1,0,1,606,606.0
218,2,6,4072,0,1,0,0,0,1,0,1,436,436.0
175,4,5,5177,0,0,0,1,0,1,0,1,700,699.88
165,3,35,1459,0,0,0,1,0,0,0,0,495,495.0
310,5,6,1139,1,0,0,0,0,1,1,0,1550,1544.9
189,3,9,4278,0,0,1,0,1,0,0,0,567,567.0
196,3,6,4257,0,0,0,1,0,1,0,1,588,588.0
125,3,12,1212,0,0,1,0,1,0,0,1,375,375.54
196,4,4,5031,0,0,0,0,0,1,1,0,784,783.8
196,3,1,5303,0,1,0,0,0,1,1,0,588,588.0
197,2,48,2481,0,0,0,1,0,1,1,0,394,394.0
237,4,9,5922,0,0,0,1,1,0,1,0,948,948.04
243,2,5,4769,1,0,0,0,1,0,1,0,486,486.0
155,2,37,1780,0,0,0,1,0,1,1,0,310,309.98
274,3,8,4276,0,0,0,1,0,1,0,1,822,822.0
210,3,9,4731,0,0,0,1,0,0,1,0,630,630.0
255,3,3,5616,0,0,0,0,0,1,0,0,765,765.0
115,3,27,1814,0,0,0,1,0,0,1,0,345,345.36
202,2,8,4552,1,0,0,0,0,1,0,1,404,404.0
139,4,41,1511,0,0,0,1,0,0,1,0,556,556.16
214,2,5,4708,1,0,0,0,0,1,1,0,428,428.0
226,3,26,2299,1,0,0,0,0,1,0,1,678,678.0
259,3,1,5725,0,0,0,1,0,1,1,0,777,777.0
174,3,7,5510,0,0,0,0,1,0,0,1,522,522.0
263,3,7,5395,1,0,0,0,0,1,1,0,789,789.0
227,3,52,3336,0,0,1,0,0,1,0,1,681,681.0
246,3,1,4020,0,0,1,0,0,1,1,0,738,738.0
257,5,6,1101,0,0,0,1,0,1,0,1,1285,1285.0
201,3,9,5895,0,0,0,1,0,0,1,0,603,603.0
204,3,3,4001,0,1,0,0,0,1,0,1,612,612.0
219,3,8,4605,1,0,0,0,0,1,0,1,657,657.0
213,3,4,5996,0,0,0,1,0,1,0,0,639,639.0
220,2,8,5073,0,0,0,1,0,0,0,1,440,440.0
224,2,10,5674,0,0,0,1,1,0,0,1,448,448.0
161,4,10,5322,0,0,1,0,0,1,1,0,644,643.96
237,2,26,3103,0,0,0,0,1,0,0,0,474,474.0
247,4,19,3838,0,0,1,0,0,0,1,0,988,988.0
217,3,6,4887,0,0,1,0,0,1,1,0,651,651.0
182,3,3,5624,0,0,0,1,0,0,0,0,546,546.0
304,5,10,1254,1,0,0,0,0,1,0,1,1520,1518.05
156,3,9,4278,0,0,1,0,0,1,0,1,468,468.0
164,3,7,4657,1,0,0,0,1,0,0,0,492,492.0
208,3,41,3977,1,0,0,0,0,1,1,0,624,624.0
153,3,2,1095,1,0,0,0,0,1,0,1,459,459.0
219,3,5,5632,1,0,0,0,0,1,1,0,657,657.0
270,3,4,5566,0,0,0,1,0,0,0,1,810,810.0
245,2,8,5871,0,1,0,0,0,1,1,0,490,490.0
294,3,7,1455,0,1,0,0,1,0,0,1,882,881.55
229,6,22,2717,0,1,0,0,0,0,0,1,1374,1374.0
158,3,51,1540,0,0,1,0,0,0,0,1,474,474.0
175,3,6,5503,1,0,0,0,0,1,1,0,525,525.0
104,7,30,1870,0,0,0,0,0,1,1,0,728,714.24
258,2,5,4363,0,0,0,1,0,0,0,1,516,516.0
207,4,10,4092,0,0,0,1,0,0,1,0,828,828.28
298,4,8,1759,0,0,0,1,0,1,0,1,1192,1191.96
242,5,8,1382,0,0,0,1,0,1,0,1,1210,1209.95
184,3,1,4161,0,0,0,1,0,0,0,1,552,552.0
274,2,5,4154,0,0,0,1,1,0,1,0,548,548.0
192,6,41,2673,0,0,0,0,0,1,1,0,1152,1149.12
279,6,2,5405,0,1,0,0,0,1,0,1,1674,1672.92
177,4,3,5527,0,0,1,0,0,1,1,0,708,707.88
161,4,8,1247,0,0,0,1,0,1,0,1,644,644.04
170,4,5,4574,0,0,0,1,0,1,1,0,680,680.04
254,10,7,5820,1,0,0,0,0,1,0,0,2540,2527.0
248,3,5,5946,0,0,0,0,0,0,0,1,744,744.0
184,3,2,5800,1,0,0,0,1,0,1,0,552,552.0
235,3,17,3715,0,0,0,0,1,0,1,0,705,705.0
156,2,4,5225,0,1,0,0,0,0,0,1,312,312.0
180,2,35,1204,0,0,0,1,0,1,1,0,360,360.0
134,2,20,1549,0,0,0,0,0,1,1,0,268,268.0
255,3,10,5291,0,1,0,0,0,1,0,1,765,765.0
158,4,4,5687,0,1,0,0,0,0,0,1,632,632.72
170,3,7,5427,0,0,0,1,0,1,1,0,510,510.0
209,2,3,4348,0,0,1,0,0,1,1,0,418,418.0
199,4,24,3443,0,1,0,0,0,1,1,0,796,795.8
263,7,7,5216,0,0,1,0,0,1,0,0,1841,1839.39
178,3,3,5669,0,0,0,1,0,0,0,1,534,534.0
228,3,8,4927,1,0,0,0,0,1,0,1,684,684.0
258,3,10,4906,0,0,1,0,0,1,1,0,774,774.0
269,5,2,1473,0,0,0,1,1,0,0,1,1345,1344.9
275,3,26,2449,0,1,0,0,0,1,0,1,825,825.0
267,5,48,2622,0,0,1,0,1,0,1,0,1335,1335.1
210,2,9,5932,1,0,0,0,0,1,1,0,420,420.0
206,3,1,5520,0,0,0,1,0,1,1,0,618,618.0
274,2,55,3416,0,1,0,0,0,1,0,1,548,548.0
259,7,4,5102,0,0,0,1,0,0,0,1,1813,1808.94
96,3,22,1294,0,0,0,1,0,1,1,0,288,292.65
145,3,2,4836,0,0,0,0,0,1,0,1,435,435.0
177,3,44,1233,0,0,1,0,0,0,1,0,531,531.0
125,2,5,4933,0,0,0,1,0,0,1,0,250,248.92
151,2,6,1114,0,0,0,1,0,1,0,1,302,302.0
193,3,1,5810,1,0,0,0,1,0,0,1,579,579.0
161,3,47,1954,0,0,0,1,0,1,1,0,483,483.0
263,2,62,2267,0,0,0,1,0,1,1,0,526,526.0
274,2,10,4361,1,0,0,0,0,1,1,0,548,548.0
184,4,2,4052,1,0,0,0,0,0,0,1,736,736.0
265,2,9,4106,0,0,0,1,0,0,0,1,530,530.0
309,4,7,1880,0,0,1,0,0,1,1,0,1236,1236.0
133,4,10,4571,1,0,0,0,0,1,1,0,532,532.0
203,3,7,4977,0,0,1,0,0,0,0,1,609,609.0
178,8,6,4146,1,0,0,0,0,1,0,1,1424,1419.92
275,3,10,5674,1,0,0,0,0,1,1,0,825,825.0
153,3,10,5121,0,0,1,0,0,1,1,0,459,459.0
156,7,9,5313,0,0,0,1,0,1,0,1,1092,1092.28
209,2,8,4047,0,1,0,0,0,1,1,0,418,418.0
154,2,8,4006,0,0,0,1,0,1,0,1,308,308.0
196,4,9,5631,0,0,1,0,0,0,1,0,784,783.84
113,5,1,5993,0,0,0,1,0,1,0,1,565,564.4
174,2,54,1091,1,0,0,0,0,1,0,1,348,348.0
173,2,10,1179,1,0,0,0,0,1,1,0,346,346.0
245,5,3,1851,0,0,0,1,0,0,0,1,1225,1225.0
263,2,41,3955,1,0,0,0,0,1,0,1,526,526.0
150,3,7,5980,0,0,0,0,0,1,0,1,450,450.0
120,2,13,1240,0,1,0,0,0,1,0,1,240,237.56
233,3,10,5289,0,0,0,0,0,1,1,0,699,699.0
158,3,2,5205,0,0,1,0,1,0,1,0,474,474.0
238,2,9,5158,0,1,0,0,0,1,1,0,476,476.0
242,3,9,4717,0,1,0,0,0,0,0,0,726,726.0
139,3,25,1152,0,0,1,0,0,1,1,0,417,417.0
155,2,9,4932,0,1,0,0,0,1,0,1,310,309.98
288,4,1,1269,0,0,1,0,0,1,1,0,1152,1152.76
261,8,39,2103,0,1,0,0,0,1,0,1,2088,2091.52
265,2,6,4660,0,0,0,1,0,1,1,0,530,530.0
206,2,5,4635,0,0,0,1,1,0,0,1,412,412.0
220,2,6,4382,1,0,0,0,0,0,0,1,440,440.0
196,2,3,4752,0,0,1,0,0,1,1,0,392,392.0
121,3,63,1611,0,0,0,0,0,1,1,0,363,362.4
257,4,5,5875,0,1,0,0,0,1,1,0,1028,1028.0
199,3,10,5768,0,0,0,1,0,1,0,1,597,597.0
185,4,8,5545,0,0,0,1,1,0,1,0,740,739.84
173,3,1,5749,0,0,0,1,0,0,0,0,519,519.0
233,3,5,4976,0,0,1,0,0,1,1,0,699,699.0
186,2,2,5604,0,0,0,1,0,0,1,0,372,372.0
185,3,1,5399,0,0,0,1,0,1,0,0,555,555.0
235,4,22,2066,0,0,0,0,0,1,1,0,940,939.92
239,5,19,2988,1,0,0,0,1,0,0,1,1195,1194.95
207,2,9,4671,0,0,0,1,0,1,1,0,414,414.0
141,2,7,5231,0,0,1,0,0,1,0,1,282,282.0
265,2,50,3859,0,0,0,0,0,1,1,0,530,530.0
245,5,1,1472,0,0,0,1,0,1,0,1,1225,1225.0
287,4,10,1811,0,0,0,1,1,0,0,1,1148,1148.04
215,4,1,4581,0,1,0,0,0,0,1,0,860,859.44
197,2,4,3621,0,0,0,0,1,0,1,0,394,394.0
168,4,1,4184,0,0,1,0,0,0,1,0,672,672.0
215,2,34,2258,0,0,0,0,0,1,0,1,430,430.0
247,4,4,5255,0,0,0,0,0,1,0,1,988,988.0
262,3,38,3139,0,1,0,0,0,1,0,1,786,786.0
211,3,56,3654,0,0,1,0,0,1,1,0,633,633.0
204,4,5,5382,0,0,0,0,0,0,0,0,816,815.96
223,3,9,5653,0,0,0,1,0,0,1,0,669,669.0
235,5,8,1549,0,0,0,1,0,0,1,0,1175,1175.0
245,3,5,4523,0,0,1,0,0,1,1,0,735,735.0
238,2,17,3358,0,1,0,0,0,1,0,0,476,476.0
167,4,2,5908,0,0,1,0,0,1,1,0,668,667.84
256,3,6,5818,0,0,0,0,0,1,1,0,768,768.0
231,4,23,2455,0,0,1,0,0,0,0,1,924,924.0
227,5,8,4388,1,0,0,0,0,1,0,1,1135,1135.0
201,3,5,2040,0,0,0,1,0,1,0,1,603,603.0
143,3,5,5146,0,0,0,1,1,0,1,0,429,429.0
194,5,8,4777,1,0,0,0,0,1,1,0,970,969.75
137,3,5,5914,0,0,0,1,0,1,1,0,411,411.0
240,3,62,3478,1,0,0,0,0,1,1,0,720,720.0
251,6,1,4165,0,0,0,0,0,1,0,1,1506,1506.48
233,7,5,5361,0,0,0,0,1,0,0,1,1631,1630.79
189,10,5,5470,0,0,0,1,1,0,0,1,1890,1902.4
266,3,5,3718,0,0,0,0,1,0,0,1,798,798.0
168,3,6,4096,1,0,0,0,1,0,1,0,504,504.0
150,2,6,4170,1,0,0,0,0,1,0,1,300,300.0
135,2,22,1195,0,0,0,1,1,0,0,0,270,270.0
242,5,6,1681,0,0,0,1,0,1,1,0,1210,1210.0
180,3,7,5718,0,1,0,0,1,0,1,0,540,540.0
254,10,7,5524,0,0,0,1,0,1,0,0,2540,2524.8
156,3,8,4701,0,0,1,0,0,1,0,1,468,468.0
199,2,25,3705,0,0,1,0,0,1,0,1,398,398.0
154,2,7,4732,1,0,0,0,0,0,0,0,308,308.02
241,2,9,4965,0,0,0,0,0,0,0,1,482,481.98
266,3,8,4493,0,1,0,0,0,1,0,1,798,798.0
144,4,37,1658,0,0,0,1,0,1,1,0,576,576.08
164,3,9,1803,0,1,0,0,0,1,0,1,492,492.0
245,3,6,4343,0,0,0,1,0,1,1,0,735,735.0
216,6,9,1678,0,0,1,0,0,1,1,0,1296,1295.52
279,4,1,1246,1,0,0,0,0,1,1,0,1116,1116.0
233,4,6,4652,0,0,0,0,0,1,1,0,932,931.96
204,2,6,5612,0,1,0,0,0,1,0,1,408,408.0
138,4,56,1440,1,0,0,0,0,1,1,0,552,548.32
153,3,5,4711,0,0,0,1,0,1,1,0,459,459.0
249,5,9,4396,0,0,1,0,0,0,1,0,1245,1245.05
207,2,3,5270,1,0,0,0,0,1,1,0,414,414.0
220,3,6,5319,0,1,0,0,0,1,0,1,660,660.0
183,2,8,5881,0,1,0,0,0,1,1,0,366,366.0
123,5,5,5323,0,1,0,0,0,1,0,1,615,615.35
195,5,10,3537,0,0,1,0,0,1,0,1,975,973.6
196,5,2,5840,0,0,0,0,0,0,1,0,980,980.05
229,3,21,2688,0,0,1,0,0,0,0,1,687,687.0
239,3,7,5297,0,0,1,0,0,1,0,1,717,717.0
178,5,5,4567,0,0,0,1,0,0,1,0,890,888.4
167,2,3,1140,0,1,0,0,0,0,1,0,334,334.0
279,4,1,1480,0,0,1,0,0,0,0,1,1116,1116.0
261,2,9,5306,0,0,0,1,0,1,0,1,522,522.0
202,3,34,3885,0,0,0,1,1,0,0,1,606,606.0
201,3,7,4890,0,1,0,0,0,1,0,1,603,603.0
173,3,4,5970,0,0,1,0,0,1,0,1,519,519.0
241,2,2,4836,0,1,0,0,0,1,0,0,482,481.98
240,3,6,4412,0,0,1,0,0,1,0,0,720,720.0
167,2,3,4722,0,0,0,1,0,1,1,0,334,334.0
139,8,6,5667,1,0,0,0,1,0,0,1,1112,1117.76
171,3,8,4227,0,0,0,1,0,1,1,0,513,513.0
195,2,8,4576,0,0,0,1,0,1,1,0,390,390.0
160,3,4,4683,0,0,0,1,0,1,1,0,480,480.0
269,5,6,1630,0,0,0,1,0,1,1,0,1345,1344.95
194,8,10,5995,0,0,0,1,0,1,0,1,1552,1535.44
158,3,5,5602,0,0,0,1,1,0,0,0,474,474.0
236,5,8,1441,1,0,0,0,0,0,1,0,1180,1180.0
260,4,10,5425,0,0,0,1,0,1,0,1,1040,1040.0
168,4,6,4800,1,0,0,0,0,0,1,0,672,672.0
143,4,7,4486,0,0,0,1,0,1,0,1,572,571.88
268,3,19,2526,1,0,0,0,0,1,1,0,804,804.0
141,3,10,5775,0,1,0,0,0,1,0,1,423,423.0
98,2,32,1539,0,0,0,0,0,1,1,0,196,194.38
283,5,9,1311,1,0,0,0,0,1,1,0,1415,1415.0
223,3,8,4974,0,1,0,0,0,0,1,0,669,669.0
250,2,7,4724,0,0,1,0,0,1,1,0,500,500.0
251,2,4,4074,0,1,0,0,0,0,0,1,502,502.0
223,3,7,5336,0,0,1,0,0,1,1,0,669,669.0
251,2,23,2426,0,0,0,0,0,1,0,0,502,502.0
185,2,9,4316,0,1,0,0,0,0,0,1,370,370.0
253,2,8,5608,1,0,0,0,0,1,1,0,506,506.0
137,3,47,1023,1,0,0,0,1,0,0,1,411,411.0
164,4,3,5318,0,0,0,1,0,1,0,1,656,656.08
222,2,1,4021,0,0,0,1,0,1,0,1,444,444.0
183,2,8,5690,0,0,0,0,0,1,0,1,366,366.0
211,2,2,5077,0,0,0,1,0,1,0,1,422,422.0
196,2,6,2718,0,0,1,0,1,0,1,0,392,392.0
140,3,4,1467,0,1,0,0,0,0,0,1,420,420.0
254,4,6,1014,0,0,0,1,0,0,0,1,1016,1016.0
104,4,9,5211,0,0,0,0,0,0,1,0,416,417.16
242,5,5,1820,0,0,0,1,0,1,0,1,1210,1210.0
218,2,9,2069,0,0,1,0,1,0,0,1,436,436.0
232,7,6,5285,0,0,0,1,1,0,0,1,1624,1628.83
173,3,63,1220,1,0,0,0,0,1,0,1,519,519.0
181,3,9,5470,0,0,1,0,0,1,0,0,543,543.0
135,5,55,1078,0,0,0,1,0,1,1,0,675,672.6
248,5,2,1651,1,0,0,0,0,0,0,1,1240,1240.0
157,3,32,1370,0,0,0,0,0,1,1,0,471,471.0
228,5,3,1473,0,0,0,0,0,1,1,0,1140,1140.0
225,3,5,4304,0,0,1,0,0,1,0,0,675,675.0
157,4,12,1038,0,0,0,1,0,0,0,1,628,628.0
231,2,4,5825,0,0,1,0,1,0,1,0,462,462.0
137,4,62,1477,0,0,1,0,0,1,0,0,548,547.76
209,3,7,4104,0,0,0,1,1,0,0,1,627,627.0
156,2,7,5938,0,0,1,0,0,0,0,1,312,312.0
225,2,7,5241,0,0,1,0,0,1,0,1,450,450.0
245,2,7,4692,0,0,1,0,0,1,1,0,490,490.0
261,4,10,4632,0,0,0,1,0,1,0,1,1044,1044.0
252,3,43,3273,0,0,0,0,0,1,0,1,756,756.0
156,2,8,5848,0,0,0,1,0,1,0,1,312,312.0
140,4,2,4636,1,0,0,0,0,1,0,0,560,559.84
244,2,10,4486,0,1,0,0,0,1,1,0,488,488.0
232,2,8,5629,0,0,1,0,0,1,1,0,464,464.0
270,5,6,1836,0,0,0,0,0,1,0,0,1350,1350.0
214,3,9,5856,1,0,0,0,0,1,0,1,642,642.0
219,3,27,3430,1,0,0,0,0,1,0,1,657,657.0
263,3,10,4680,0,0,0,1,0,1,0,1,789,789.0
204,2,2,5033,0,0,0,0,0,1,1,0,408,408.0
245,4,12,2225,0,0,0,1,1,0,0,1,980,980.0
227,10,10,4619,1,0,0,0,0,0,1,0,2270,2260.3
242,3,9,5920,0,0,0,0,0,1,0,1,726,726.0
249,6,9,1673,0,0,0,0,0,0,1,0,1494,1493.82
264,3,5,4435,0,0,1,0,0,1,0,0,792,792.0
230,2,36,3381,0,1,0,0,1,0,0,1,460,459.92
133,2,7,4663,0,0,0,0,0,1,1,0,266,266.0
177,4,3,4199,0,0,0,0,0,1,1,0,708,708.0
272,4,3,1805,0,1,0,0,0,0,1,0,1088,1088.0
294,4,25,1498,0,0,1,0,0,1,1,0,1176,1176.0
188,6,1,4856,0,0,0,1,0,1,0,1,1128,1123.74
263,4,9,5390,1,0,0,0,0,1,0,1,1052,1051.96
213,3,7,4114,1,0,0,0,1,0,0,1,639,639.0
166,3,62,1944,0,0,0,0,0,1,1,0,498,498.0
151,4,10,1441,0,1,0,0,0,1,0,1,604,604.0
149,6,6,4904,0,0,1,0,1,0,1,0,894,896.58
262,2,4,5738,0,0,1,0,0,0,0,1,524,524.0
228,5,9,1549,0,0,1,0,1,0,1,0,1140,1140.0
229,6,61,2298,0,0,0,1,0,1,0,1,1374,1374.84
251,2,28,3936,1,0,0,0,1,0,1,0,502,502.0
139,3,7,5317,0,0,0,1,0,1,1,0,417,417.0
165,5,5,4871,0,0,0,1,0,1,0,1,825,825.75
253,5,4,1482,0,0,0,0,1,0,1,0,1265,1265.0
262,3,46,2904,0,0,0,0,0,1,0,1,786,786.0
200,2,5,5249,1,0,0,0,0,1,0,1,400,400.0
291,4,9,1413,1,0,0,0,0,0,1,0,1164,1164.0
99,5,9,5470,0,0,0,0,1,0,0,1,495,499.75
172,3,6,1261,0,0,1,0,0,1,0,1,516,516.0
149,3,40,1062,0,0,0,1,0,0,1,0,447,447.0
241,4,19,2193,0,0,0,1,0,0,0,1,964,964.08
256,3,5,5399,0,0,0,1,0,1,1,0,768,768.0
164,2,64,1689,0,0,0,1,0,1,0,1,328,328.0
177,4,8,5878,0,0,0,1,0,1,1,0,708,707.88
152,3,43,1709,0,0,0,1,0,1,1,0,456,456.0
156,2,19,1311,0,0,0,1,0,0,0,1,312,312.0
99,6,9,5903,1,0,0,0,0,1,0,1,594,600.72
237,3,2,5277,0,1,0,0,0,1,1,0,711,711.0
238,2,19,2196,0,0,0,1,0,1,1,0,476,476.0
214,2,57,2078,0,0,0,0,0,1,1,0,428,428.0
140,6,9,4558,0,0,0,1,0,1,1,0,840,833.49
195,3,23,3499,0,0,0,0,0,1,0,1,585,585.0
182,2,14,3751,0,0,1,0,0,1,0,1,364,364.0
224,2,8,4047,0,0,0,1,0,1,0,1,448,448.0
261,2,1,3398,1,0,0,0,1,0,0,1,522,522.0
145,4,4,5801,0,0,0,1,0,1,0,0,580,579.88
258,3,7,5736,0,0,0,1,0,0,0,1,774,774.0
176,2,6,5149,0,0,0,1,1,0,1,0,352,352.0
270,4,7,1079,1,0,0,0,0,1,1,0,1080,1079.96
257,5,1,1778,1,0,0,0,0,0,1,0,1285,1285.0
180,4,59,1481,0,1,0,0,0,1,0,1,720,720.04
136,3,7,5976,0,0,0,0,0,1,1,0,408,408.0
237,3,7,4062,0,0,1,0,0,1,1,0,711,711.0
259,5,6,1827,0,0,0,1,1,0,1,0,1295,1295.0
255,5,3,1574,0,1,0,0,0,0,1,0,1275,1275.0
236,3,10,1347,0,1,0,0,0,1,0,1,708,708.0
164,2,56,1491,1,0,0,0,0,1,1,0,328,328.0
137,10,4,4490,0,0,0,1,0,1,1,0,1370,1372.9
139,2,2,4041,0,1,0,0,0,1,0,0,278,278.0
210,3,10,5354,0,0,0,0,0,1,0,1,630,630.0
141,4,5,5444,0,0,0,1,0,1,0,0,564,563.76
194,3,6,4295,0,0,1,0,0,1,1,0,582,582.0
212,4,13,3676,0,0,0,0,0,1,0,1,848,847.8
223,3,9,4832,0,0,0,0,0,1,1,0,669,669.0
249,4,38,2797,0,0,0,1,1,0,0,1,996,995.96
172,2,9,4532,0,1,0,0,1,0,1,0,344,344.0
123,2,30,1068,0,0,0,1,0,1,1,0,246,246.14
263,4,7,4041,0,0,0,0,0,1,0,1,1052,1052.0
156,2,10,5107,1,0,0,0,0,1,0,1,312,312.0
137,4,15,1391,0,0,0,1,0,1,0,0,548,547.68
180,4,7,4200,1,0,0,0,1,0,0,1,720,720.0
128,5,34,1008,0,1,0,0,1,0,1,0,640,639.65
218,5,2,4823,0,0,0,1,0,1,1,0,1090,1090.0
136,3,1,4585,0,0,0,1,0,1,1,0,408,408.0
254,5,4,1030,0,0,0,1,0,1,0,1,1270,1270.0
215,2,2,5661,1,0,0,0,0,0,1,0,430,430.0
172,2,5,4554,0,0,0,0,0,0,1,0,344,344.0
206,3,5,4022,0,0,1,0,0,1,0,0,618,618.0
266,3,5,5154,0,0,0,1,0,1,1,0,798,798.0
193,3,2,5975,0,0,0,1,0,1,1,0,579,579.0
205,3,1,4351,0,0,0,1,0,0,0,1,615,615.0
264,2,9,5898,0,0,0,1,0,1,1,0,528,528.0
143,8,38,1095,0,0,1,0,0,1,1,0,1144,1145.28
266,4,8,1547,0,0,0,0,0,0,0,1,1064,1064.0
239,2,9,4360,1,0,0,0,1,0,0,1,478,478.0
154,2,3,4669,0,1,0,0,0,1,0,1,308,308.0
232,5,7,1899,1,0,0,0,0,1,0,1,1160,1160.0
158,3,59,1307,0,1,0,0,0,1,0,0,474,474.0
276,4,4,1662,0,0,1,0,0,1,1,0,1104,1104.0
185,3,10,4387,0,0,0,1,0,1,0,1,555,555.0
112,4,7,5716,0,0,0,1,0,1,1,0,448,446.44
238,2,32,3274,1,0,0,0,1,0,0,1,476,476.0
238,3,3,5265,0,0,0,0,0,1,1,0,714,714.0
166,3,1,1366,0,0,0,0,1,0,1,0,498,498.0
111,4,10,4711,0,1,0,0,0,1,0,1,444,444.84
142,4,6,5027,0,0,0,1,0,1,0,1,568,568.0
243,3,1,4623,0,0,0,0,0,1,1,0,729,729.0
210,3,11,2655,0,0,1,0,0,1,0,1,630,630.0
210,2,29,3142,0,1,0,0,0,1,0,1,420,420.0
166,4,1,5533,0,0,0,1,0,0,1,0,664,664.12
161,2,8,4348,0,0,1,0,0,1,0,1,322,322.0
175,3,7,4874,0,0,0,1,0,1,0,1,525,525.0
178,2,35,1183,0,0,0,0,0,1,1,0,356,356.0
167,3,2,5761,0,0,0,1,1,0,1,0,501,501.0
211,3,12,3922,0,0,0,1,0,1,0,0,633,633.0
170,3,2,5330,0,0,1,0,0,1,0,1,510,510.0
147,2,8,4600,1,0,0,0,1,0,1,0,294,293.96
204,2,8,4562,0,0,0,1,0,0,0,0,408,408.0
145,3,1,4346,0,0,1,0,0,1,0,1,435,435.0
201,4,5,4592,0,0,0,1,0,0,1,0,804,804.08
262,5,5,1916,0,0,0,1,0,1,1,0,1310,1310.0
244,4,7,1007,0,1,0,0,0,1,1,0,976,976.0
272,2,9,5055,0,0,1,0,0,1,0,1,544,544.0
218,4,4,5330,0,1,0,0,0,1,1,0,872,872.08
220,3,7,4552,0,0,0,0,0,0,0,1,660,660.0
158,4,4,1595,0,0,0,1,0,1,1,0,632,632.6
138,3,34,1159,1,0,0,0,0,1,0,1,414,414.0
247,2,7,4955,0,1,0,0,0,1,0,1,494,494.0
214,2,3,5546,1,0,0,0,0,1,1,0,428,428.0
264,6,30,2751,1,0,0,0,1,0,1,0,1584,1584.24
255,6,3,1014,0,0,0,1,0,1,1,0,1530,1529.94
238,4,22,3950,0,1,0,0,0,1,1,0,952,951.92
244,3,7,5140,0,1,0,0,0,1,0,0,732,732.0
261,5,6,1334,0,1,0,0,0,1,1,0,1305,1305.0
234,5,1,1991,0,0,0,1,1,0,1,0,1170,1170.0
199,4,1,4163,0,0,0,1,0,0,0,0,796,795.96
255,4,9,1197,0,0,0,1,0,1,1,0,1020,1020.0
236,5,3,1906,0,0,1,0,0,1,0,1,1180,1180.0
212,8,56,3337,0,0,0,0,0,1,1,0,1696,1693.84
304,4,2,1749,0,0,0,1,0,1,1,0,1216,1215.56
245,5,10,1289,1,0,0,0,0,1,1,0,1225,1225.0
136,2,10,5749,0,1,0,0,0,0,0,1,272,272.02
180,3,6,1228,0,0,0,0,0,1,1,0,540,540.0
198,3,37,2555,0,0,0,0,1,0,1,0,594,594.0
139,8,2,5012,1,0,0,0,0,1,0,1,1112,1115.92
166,5,54,1203,0,0,0,1,0,1,1,0,830,828.15
202,3,1,3738,0,0,0,1,0,1,1,0,606,606.0
173,2,53,1251,0,0,0,0,0,1,0,1,346,346.0
184,3,8,4994,0,0,0,1,0,1,0,1,552,552.0
247,2,2,4975,1,0,0,0,0,1,1,0,494,494.0
210,3,6,2568,1,0,0,0,0,1,0,1,630,630.0
175,3,2,5208,1,0,0,0,0,1,1,0,525,525.0
258,7,8,5069,0,0,1,0,1,0,0,1,1806,1805.86
233,4,6,4705,1,0,0,0,0,1,1,0,932,931.92
291,4,7,1046,0,0,1,0,0,1,1,0,1164,1164.0
133,5,9,5744,0,0,0,1,1,0,0,1,665,665.15
248,5,6,1754,0,0,1,0,0,1,1,0,1240,1240.0
287,4,5,1791,0,0,0,1,0,1,0,1,1148,1148.04
210,2,19,3920,0,0,0,0,0,1,1,0,420,420.0
217,3,6,4848,0,0,0,1,0,1,1,0,651,651.0
229,5,10,1951,0,0,0,1,1,0,1,0,1145,1145.55
249,3,6,5212,0,0,0,1,0,1,0,1,747,747.0
199,3,8,4164,1,0,0,0,0,1,0,1,597,597.0
169,4,2,4188,1,0,0,0,0,0,1,0,676,676.0
179,3,3,5284,0,1,0,0,0,1,1,0,537,537.0
193,10,1,4459,0,1,0,0,0,1,0,0,1930,1932.0
238,2,1,4991,0,1,0,0,0,1,0,1,476,476.0
267,3,8,5337,1,0,0,0,0,1,0,0,801,801.0
153,7,4,4499,0,0,0,1,1,0,0,1,1071,1069.32
166,2,6,4523,1,0,0,0,1,0,0,1,332,332.0
162,2,8,1386,1,0,0,0,0,1,0,1,324,324.0
267,5,4,1097,0,0,0,0,0,0,1,0,1335,1335.05
135,4,47,1840,0,0,0,0,0,1,0,1,540,540.16
142,3,54,1332,0,0,0,0,0,1,1,0,426,426.0
182,3,14,3413,0,0,0,1,0,0,0,1,546,546.0
261,3,10,4224,0,0,0,1,0,0,1,0,783,783.0
212,2,10,4552,0,0,1,0,0,1,0,1,424,424.0
165,3,10,4910,0,0,0,0,0,1,0,0,495,495.0
273,5,6,2126,1,0,0,0,0,0,0,1,1365,1365.0
246,2,2,4633,1,0,0,0,0,1,0,1,492,492.0
185,5,9,5648,0,1,0,0,0,1,1,0,925,924.4
226,5,6,1723,0,0,0,0,0,1,0,1,1130,1130.05
186,4,23,3981,0,0,0,1,0,1,1,0,744,743.92
257,3,25,2334,0,0,0,1,1,0,1,0,771,771.0
151,3,9,4895,0,1,0,0,0,1,1,0,453,453.0
255,3,1,5929,0,0,0,0,0,1,0,1,765,765.0
226,3,1,5451,0,0,0,1,0,0,0,1,678,678.0
240,3,53,2980,0,0,0,1,0,1,1,0,720,720.0
222,3,4,5919,1,0,0,0,1,0,1,0,666,666.0
223,3,6,2127,0,0,1,0,0,1,0,1,669,669.0
231,2,55,3894,0,0,0,1,0,0,0,1,462,462.0
157,3,58,1930,0,0,1,0,1,0,1,0,471,471.0
178,5,15,1242,0,0,0,0,0,1,1,0,890,889.65
172,2,7,5165,0,0,0,1,0,1,0,0,344,344.0
198,2,8,5889,0,0,1,0,0,1,0,1,396,396.0
232,3,10,5333,0,0,1,0,0,1,1,0,696,696.0
160,2,9,5940,0,1,0,0,0,1,1,0,320,320.0
142,6,2,5748,0,1,0,0,0,1,0,1,852,853.32
135,2,24,1292,0,1,0,0,1,0,0,0,270,270.0
198,3,44,3706,0,0,0,0,0,1,1,0,594,594.0
141,3,10,4289,0,1,0,0,1,0,1,0,423,423.0
151,4,3,5470,0,1,0,0,0,1,0,1,604,604.04
169,4,1,5323,0,0,0,1,1,0,1,0,676,676.0
249,3,1,4274,0,1,0,0,0,1,1,0,747,747.0
260,2,2,4529,0,0,0,0,0,1,0,1,520,520.0
165,3,4,4482,0,0,0,0,1,0,1,0,495,495.0
141,3,2,5512,0,0,0,1,0,1,0,1,423,423.0
136,3,10,1826,0,0,0,1,0,1,1,0,408,408.0
194,3,3,2169,1,0,0,0,0,1,0,1,582,582.0
250,4,8,1689,0,0,0,0,0,0,1,0,1000,1000.0
238,3,61,3096,0,0,0,0,0,1,1,0,714,714.0
282,4,3,1661,1,0,0,0,0,1,0,1,1128,1128.0
149,3,26,1863,0,0,0,0,0,1,0,1,447,447.0
246,2,31,2415,0,0,0,1,1,0,0,1,492,492.0
221,4,8,5971,0,0,1,0,0,1,0,1,884,883.8
196,4,10,1694,0,0,0,1,0,1,1,0,784,784.08
246,5,5,1395,0,0,1,0,0,1,1,0,1230,1230.0
265,4,8,5087,0,1,0,0,0,1,1,0,1060,1060.0
270,6,9,4195,0,0,1,0,0,1,0,1,1620,1618.98
233,2,1,4913,0,0,0,0,0,1,0,1,466,466.0
143,3,23,1281,0,0,1,0,0,1,0,1,429,429.0
285,4,2,1516,0,1,0,0,0,1,1,0,1140,1140.0
259,3,10,5978,0,0,0,0,0,1,1,0,777,777.0
157,2,45,1965,0,1,0,0,0,1,1,0,314,314.0
223,5,8,1559,0,0,1,0,0,1,0,1,1115,1115.0
101,5,6,4196,1,0,0,0,0,1,0,1,505,504.9
232,3,55,2686,0,0,0,1,1,0,0,1,696,696.0
192,4,2,1830,0,0,0,0,0,1,1,0,768,768.04
254,6,1,1021,0,0,0,0,0,1,1,0,1524,1523.22
115,2,10,4200,0,0,0,1,0,1,1,0,230,230.28
197,2,2,5685,0,0,0,0,0,1,1,0,394,394.0
256,4,2,1752,0,0,0,1,1,0,1,0,1024,1024.0
192,2,7,4151,0,0,0,1,0,1,1,0,384,384.0
221,3,3,4076,0,1,0,0,0,1,1,0,663,663.0
169,2,6,4033,0,0,0,1,0,1,1,0,338,338.0
222,3,10,4663,0,0,1,0,0,1,0,1,666,666.0
273,3,5,5055,0,1,0,0,0,0,0,1,819,819.0
223,3,7,5935,0,1,0,0,0,1,0,1,669,669.0
195,3,7,4835,1,0,0,0,0,0,0,1,585,585.0
252,3,2,5769,1,0,0,0,0,1,0,1,756,756.0
157,3,48,1393,0,0,0,1,0,1,1,0,471,471.0
230,2,9,4483,0,1,0,0,0,1,0,1,460,459.9
197,3,8,4568,0,1,0,0,0,0,0,1,591,591.0
259,2,15,2381,0,0,0,0,0,0,0,1,518,518.0
264,5,3,1782,0,1,0,0,0,0,1,0,1320,1320.05
201,6,3,4025,0,0,0,1,0,1,1,0,1206,1207.44
247,3,64,2198,0,1,0,0,0,1,0,1,741,741.0
201,3,47,2657,0,0,0,1,0,1,1,0,603,603.0
209,3,8,4367,0,0,1,0,0,1,1,0,627,627.0
269,4,5,1264,0,0,0,0,0,1,1,0,1076,1076.0
274,3,60,2053,0,0,0,1,0,1,0,0,822,822.0
250,5,53,3352,1,0,0,0,0,1,1,0,1250,1250.0
250,5,12,2722,1,0,0,0,0,1,1,0,1250,1250.0
236,2,2,4987,1,0,0,0,1,0,1,0,472,471.98
251,3,5,4206,1,0,0,0,0,1,0,1,753,753.0
224,6,5,5659,0,0,0,1,0,1,0,0,1344,1343.64
245,4,4,2769,0,0,0,1,0,0,0,1,980,980.0
171,3,1,5011,0,0,0,0,0,1,1,0,513,513.0
275,10,10,2093,0,0,1,0,0,1,0,1,2750,2743.2
151,4,6,1803,0,0,0,0,0,0,1,0,604,604.0
184,3,27,3967,0,0,0,0,1,0,0,0,552,552.0
258,4,1,5476,0,0,1,0,0,1,0,0,1032,1032.0
194,3,47,2256,0,0,0,0,0,1,1,0,582,582.0
168,3,13,1317,0,0,1,0,0,1,1,0,504,504.0
262,5,4,1196,1,0,0,0,0,1,0,1,1310,1310.0
262,6,3,1830,0,0,0,0,1,0,1,0,1572,1571.94
152,3,6,5749,0,0,0,0,0,1,1,0,456,456.0
184,3,64,3812,0,0,0,1,1,0,1,0,552,552.0
240,3,5,5734,0,0,1,0,1,0,1,0,720,720.0
263,6,10,1345,0,0,0,1,0,1,0,1,1578,1578.12
239,5,6,1365,1,0,0,0,0,1,0,1,1195,1194.95
160,3,3,4599,0,1,0,0,0,1,0,0,480,480.0
257,6,5,3986,0,0,0,1,1,0,1,0,1542,1541.22
260,3,8,5215,0,0,0,1,0,1,1,0,780,780.0
205,3,60,2317,0,0,0,0,0,1,1,0,615,615.0
226,2,1,4532,0,1,0,0,0,1,1,0,452,452.0
154,10,8,5811,0,1,0,0,0,1,0,0,1540,1537.8
276,4,6,1005,0,0,0,1,0,1,0,1,1104,1104.2
209,3,37,3026,0,1,0,0,0,1,0,1,627,627.0
165,3,5,4735,0,1,0,0,0,1,0,0,495,495.0
257,2,3,4108,0,0,0,1,0,0,0,0,514,514.0
260,6,10,4986,0,0,0,1,0,1,0,1,1560,1559.64
108,6,46,1882,0,0,1,0,0,1,0,1,648,645.36
268,5,2,1061,0,0,1,0,0,1,0,1,1340,1340.15
166,3,43,1095,0,0,1,0,0,1,0,1,498,498.0
111,2,60,1787,1,0,0,0,0,1,0,0,222,222.36
171,2,1,5635,0,0,0,1,0,1,0,1,342,342.0
257,2,15,3981,0,0,1,0,0,1,0,0,514,514.0
233,3,5,5306,0,0,0,1,1,0,0,1,699,699.0
228,2,65,3943,0,0,0,1,0,1,0,1,456,456.0
181,2,45,3448,0,1,0,0,0,1,0,1,362,362.0
299,4,2,1192,0,0,1,0,0,0,1,0,1196,1195.96
194,3,10,2554,0,0,0,1,0,0,1,0,582,582.0
229,3,1,5189,0,0,0,1,0,1,1,0,687,687.0
196,5,10,5111,0,0,0,1,0,1,1,0,980,978.85
183,2,58,3027,0,0,0,1,0,1,1,0,366,366.0
161,2,55,1457,1,0,0,0,0,1,0,1,322,322.0
247,4,7,1831,1,0,0,0,0,0,1,0,988,988.0
173,2,4,4242,1,0,0,0,0,1,1,0,346,346.0
183,3,44,2896,1,0,0,0,0,1,1,0,549,549.0
209,2,49,2581,0,0,1,0,0,1,0,0,418,418.0
177,6,41,1772,0,1,0,0,0,1,0,1,1062,1060.2
275,5,5,1117,0,0,0,1,0,1,0,1,1375,1375.0
248,8,10,4583,0,0,0,0,0,1,1,0,1984,1962.96
208,2,5,5707,0,0,0,1,1,0,1,0,416,416.0
215,2,46,3942,0,0,1,0,0,0,0,1,430,430.0
245,6,3,1155,1,0,0,0,0,1,1,0,1470,1470.0
271,2,7,5875,1,0,0,0,0,1,1,0,542,542.0
199,3,10,4925,0,0,1,0,0,0,0,1,597,597.0
161,3,5,5999,1,0,0,0,0,1,1,0,483,483.0
214,3,6,5319,1,0,0,0,0,1,1,0,642,642.0
